<?xml version="1.0" encoding="utf-8"?>
<Messages>
	<Message severity="INFO" prefix="[HLS 200-111]" key="HLS_111_966" tag="RUNTIME" content="Finished File checks and directory preparation: CPU user time: 0 seconds. CPU system time: 0 seconds. Elapsed time: 0.095 seconds; current allocated memory: 115.109 MB." resolution=""/>
	<Message severity="INFO" prefix="[HLS 200-10]" key="HLS_10_1312" tag="" content="Analyzing design file &apos;HLS_examen/sources/hls_examen.c&apos; ..." resolution=""/>
	<Message severity="INFO" prefix="[HLS 200-111]" key="HLS_111_966" tag="RUNTIME" content="Finished Source Code Analysis and Preprocessing: CPU user time: 0 seconds. CPU system time: 0 seconds. Elapsed time: 1.568 seconds; current allocated memory: 117.180 MB." resolution=""/>
	<Message severity="INFO" prefix="[HLS 200-777]" key="HLS 200-777" tag="" content="Using interface defaults for &apos;Vivado&apos; flow target." resolution=""/>
	<Message severity="INFO" prefix="[HLS 200-1995]" key="HLS 200-1995" tag="" content="There were 55,235 instructions in the design after the &apos;Compile/Link&apos; phase of compilation. See the Design Size Report for more details: C:/02_PXL/HAC_PXL_2024/Examen/HLS_examen/solution1/syn/report/csynth_design_size.rpt" resolution=""/>
	<Message severity="INFO" prefix="[HLS 200-1995]" key="HLS 200-1995" tag="" content="There were 5,613 instructions in the design after the &apos;Unroll/Inline (step 1)&apos; phase of compilation. See the Design Size Report for more details: C:/02_PXL/HAC_PXL_2024/Examen/HLS_examen/solution1/syn/report/csynth_design_size.rpt" resolution=""/>
	<Message severity="INFO" prefix="[HLS 200-1995]" key="HLS 200-1995" tag="" content="There were 2,058 instructions in the design after the &apos;Unroll/Inline (step 2)&apos; phase of compilation. See the Design Size Report for more details: C:/02_PXL/HAC_PXL_2024/Examen/HLS_examen/solution1/syn/report/csynth_design_size.rpt" resolution=""/>
	<Message severity="INFO" prefix="[HLS 200-1995]" key="HLS 200-1995" tag="" content="There were 2,152 instructions in the design after the &apos;Unroll/Inline (step 3)&apos; phase of compilation. See the Design Size Report for more details: C:/02_PXL/HAC_PXL_2024/Examen/HLS_examen/solution1/syn/report/csynth_design_size.rpt" resolution=""/>
	<Message severity="INFO" prefix="[HLS 200-1995]" key="HLS 200-1995" tag="" content="There were 1,366 instructions in the design after the &apos;Unroll/Inline (step 4)&apos; phase of compilation. See the Design Size Report for more details: C:/02_PXL/HAC_PXL_2024/Examen/HLS_examen/solution1/syn/report/csynth_design_size.rpt" resolution=""/>
	<Message severity="INFO" prefix="[HLS 200-1995]" key="HLS 200-1995" tag="" content="There were 1,366 instructions in the design after the &apos;Array/Struct (step 1)&apos; phase of compilation. See the Design Size Report for more details: C:/02_PXL/HAC_PXL_2024/Examen/HLS_examen/solution1/syn/report/csynth_design_size.rpt" resolution=""/>
	<Message severity="INFO" prefix="[HLS 200-1995]" key="HLS 200-1995" tag="" content="There were 1,366 instructions in the design after the &apos;Array/Struct (step 2)&apos; phase of compilation. See the Design Size Report for more details: C:/02_PXL/HAC_PXL_2024/Examen/HLS_examen/solution1/syn/report/csynth_design_size.rpt" resolution=""/>
	<Message severity="INFO" prefix="[HLS 200-1995]" key="HLS 200-1995" tag="" content="There were 1,366 instructions in the design after the &apos;Array/Struct (step 3)&apos; phase of compilation. See the Design Size Report for more details: C:/02_PXL/HAC_PXL_2024/Examen/HLS_examen/solution1/syn/report/csynth_design_size.rpt" resolution=""/>
	<Message severity="INFO" prefix="[HLS 200-1995]" key="HLS 200-1995" tag="" content="There were 1,366 instructions in the design after the &apos;Array/Struct (step 4)&apos; phase of compilation. See the Design Size Report for more details: C:/02_PXL/HAC_PXL_2024/Examen/HLS_examen/solution1/syn/report/csynth_design_size.rpt" resolution=""/>
	<Message severity="INFO" prefix="[HLS 200-1995]" key="HLS 200-1995" tag="" content="There were 1,392 instructions in the design after the &apos;Array/Struct (step 5)&apos; phase of compilation. See the Design Size Report for more details: C:/02_PXL/HAC_PXL_2024/Examen/HLS_examen/solution1/syn/report/csynth_design_size.rpt" resolution=""/>
	<Message severity="INFO" prefix="[HLS 200-1995]" key="HLS 200-1995" tag="" content="There were 1,290 instructions in the design after the &apos;Performance (step 1)&apos; phase of compilation. See the Design Size Report for more details: C:/02_PXL/HAC_PXL_2024/Examen/HLS_examen/solution1/syn/report/csynth_design_size.rpt" resolution=""/>
	<Message severity="INFO" prefix="[HLS 200-1995]" key="HLS 200-1995" tag="" content="There were 1,288 instructions in the design after the &apos;Performance (step 2)&apos; phase of compilation. See the Design Size Report for more details: C:/02_PXL/HAC_PXL_2024/Examen/HLS_examen/solution1/syn/report/csynth_design_size.rpt" resolution=""/>
	<Message severity="INFO" prefix="[HLS 200-1995]" key="HLS 200-1995" tag="" content="There were 1,288 instructions in the design after the &apos;Performance (step 3)&apos; phase of compilation. See the Design Size Report for more details: C:/02_PXL/HAC_PXL_2024/Examen/HLS_examen/solution1/syn/report/csynth_design_size.rpt" resolution=""/>
	<Message severity="INFO" prefix="[HLS 200-1995]" key="HLS 200-1995" tag="" content="There were 1,288 instructions in the design after the &apos;Performance (step 4)&apos; phase of compilation. See the Design Size Report for more details: C:/02_PXL/HAC_PXL_2024/Examen/HLS_examen/solution1/syn/report/csynth_design_size.rpt" resolution=""/>
	<Message severity="INFO" prefix="[HLS 200-1995]" key="HLS 200-1995" tag="" content="There were 1,298 instructions in the design after the &apos;HW Transforms (step 1)&apos; phase of compilation. See the Design Size Report for more details: C:/02_PXL/HAC_PXL_2024/Examen/HLS_examen/solution1/syn/report/csynth_design_size.rpt" resolution=""/>
	<Message severity="INFO" prefix="[HLS 200-1995]" key="HLS 200-1995" tag="" content="There were 1,304 instructions in the design after the &apos;HW Transforms (step 2)&apos; phase of compilation. See the Design Size Report for more details: C:/02_PXL/HAC_PXL_2024/Examen/HLS_examen/solution1/syn/report/csynth_design_size.rpt" resolution=""/>
	<Message severity="INFO" prefix="[HLS 214-178]" key="HLS 214-178" tag="" content="Inlining function &apos;fp_struct&lt;double&gt;::fp_struct(double)&apos; into &apos;int generic_isinf&lt;double&gt;(double)&apos; (C:\scratch\2023.2\hls_product\689\2023.2\src\shared\hls\clib/hlsmath/include/FloatingPoint/hls_isinf.h:16:0)" resolution=""/>
	<Message severity="INFO" prefix="[HLS 214-178]" key="HLS 214-178" tag="" content="Inlining function &apos;fp_struct&lt;double&gt;::fp_struct(double)&apos; into &apos;int generic_isnan&lt;double&gt;(double)&apos; (C:\scratch\2023.2\hls_product\689\2023.2\src\shared\hls\clib/hlsmath/include/FloatingPoint/hls_isnan.h:16:0)" resolution=""/>
	<Message severity="INFO" prefix="[HLS 214-178]" key="HLS 214-178" tag="" content="Inlining function &apos;fp_struct&lt;double&gt;::data() const (.106.116.126.157)&apos; into &apos;fp_struct&lt;double&gt;::to_double() const (.103.113.123.154)&apos; (C:\scratch\2023.2\hls_product\689\2023.2\src\shared\hls\clib/src/hls\utils/x_hls_utils.h:494:0)" resolution=""/>
	<Message severity="INFO" prefix="[HLS 214-178]" key="HLS 214-178" tag="" content="Inlining function &apos;fp_struct&lt;double&gt;::to_double() const (.103.113.123.154)&apos; into &apos;fp_struct&lt;double&gt;::to_ieee() const&apos; (C:\scratch\2023.2\hls_product\689\2023.2\src\shared\hls\clib/src/hls\utils/x_hls_utils.h:509:0)" resolution=""/>
	<Message severity="INFO" prefix="[HLS 214-178]" key="HLS 214-178" tag="" content="Inlining function &apos;void pow_reduce::log_range_reduce&lt;ap_fixed&lt;121, 12, (ap_q_mode)5, (ap_o_mode)3, 0&gt;, 4, 4, 71, 73&gt;(ap_ufixed&lt;71, -(4), (ap_q_mode)5, (ap_o_mode)3, 0&gt;, ap_fixed&lt;121, 12, (ap_q_mode)5, (ap_o_mode)3, 0&gt;&amp;, ap_ufixed&lt;73, -(((4) + (4)) - (1)), (ap_q_mode)5, (ap_o_mode)3, 0&gt;&amp;)&apos; into &apos;ap_ufixed&lt;72, -37, (ap_q_mode)5, (ap_o_mode)3, 0&gt; pow_reduce::pow_traits&lt;double&gt;::log_range_reduction&lt;71&gt;(ap_ufixed&lt;71, -4, (ap_q_mode)5, (ap_o_mode)3, 0&gt;, ap_fixed&lt;121, 12, (ap_q_mode)5, (ap_o_mode)3, 0&gt;&amp;)&apos; (C:\scratch\2023.2\hls_product\689\2023.2\src\shared\hls\clib/hlsmath/include/FloatingPoint\hls_pow.h:186:0)" resolution=""/>
	<Message severity="INFO" prefix="[HLS 214-178]" key="HLS 214-178" tag="" content="Inlining function &apos;void pow_reduce::log_range_reduce&lt;ap_fixed&lt;121, 12, (ap_q_mode)5, (ap_o_mode)3, 0&gt;, 7, 6, 73, 83&gt;(ap_ufixed&lt;73, -(7), (ap_q_mode)5, (ap_o_mode)3, 0&gt;, ap_fixed&lt;121, 12, (ap_q_mode)5, (ap_o_mode)3, 0&gt;&amp;, ap_ufixed&lt;83, -(((7) + (6)) - (1)), (ap_q_mode)5, (ap_o_mode)3, 0&gt;&amp;)&apos; into &apos;ap_ufixed&lt;72, -37, (ap_q_mode)5, (ap_o_mode)3, 0&gt; pow_reduce::pow_traits&lt;double&gt;::log_range_reduction&lt;71&gt;(ap_ufixed&lt;71, -4, (ap_q_mode)5, (ap_o_mode)3, 0&gt;, ap_fixed&lt;121, 12, (ap_q_mode)5, (ap_o_mode)3, 0&gt;&amp;)&apos; (C:\scratch\2023.2\hls_product\689\2023.2\src\shared\hls\clib/hlsmath/include/FloatingPoint\hls_pow.h:186:0)" resolution=""/>
	<Message severity="INFO" prefix="[HLS 214-178]" key="HLS 214-178" tag="" content="Inlining function &apos;void pow_reduce::log_range_reduce&lt;ap_fixed&lt;121, 12, (ap_q_mode)5, (ap_o_mode)3, 0&gt;, 12, 6, 83, 92&gt;(ap_ufixed&lt;83, -(12), (ap_q_mode)5, (ap_o_mode)3, 0&gt;, ap_fixed&lt;121, 12, (ap_q_mode)5, (ap_o_mode)3, 0&gt;&amp;, ap_ufixed&lt;92, -(((12) + (6)) - (1)), (ap_q_mode)5, (ap_o_mode)3, 0&gt;&amp;)&apos; into &apos;ap_ufixed&lt;72, -37, (ap_q_mode)5, (ap_o_mode)3, 0&gt; pow_reduce::pow_traits&lt;double&gt;::log_range_reduction&lt;71&gt;(ap_ufixed&lt;71, -4, (ap_q_mode)5, (ap_o_mode)3, 0&gt;, ap_fixed&lt;121, 12, (ap_q_mode)5, (ap_o_mode)3, 0&gt;&amp;)&apos; (C:\scratch\2023.2\hls_product\689\2023.2\src\shared\hls\clib/hlsmath/include/FloatingPoint\hls_pow.h:186:0)" resolution=""/>
	<Message severity="INFO" prefix="[HLS 214-178]" key="HLS 214-178" tag="" content="Inlining function &apos;void pow_reduce::log_range_reduce&lt;ap_fixed&lt;121, 12, (ap_q_mode)5, (ap_o_mode)3, 0&gt;, 17, 6, 92, 87&gt;(ap_ufixed&lt;92, -(17), (ap_q_mode)5, (ap_o_mode)3, 0&gt;, ap_fixed&lt;121, 12, (ap_q_mode)5, (ap_o_mode)3, 0&gt;&amp;, ap_ufixed&lt;87, -(((17) + (6)) - (1)), (ap_q_mode)5, (ap_o_mode)3, 0&gt;&amp;)&apos; into &apos;ap_ufixed&lt;72, -37, (ap_q_mode)5, (ap_o_mode)3, 0&gt; pow_reduce::pow_traits&lt;double&gt;::log_range_reduction&lt;71&gt;(ap_ufixed&lt;71, -4, (ap_q_mode)5, (ap_o_mode)3, 0&gt;, ap_fixed&lt;121, 12, (ap_q_mode)5, (ap_o_mode)3, 0&gt;&amp;)&apos; (C:\scratch\2023.2\hls_product\689\2023.2\src\shared\hls\clib/hlsmath/include/FloatingPoint\hls_pow.h:186:0)" resolution=""/>
	<Message severity="INFO" prefix="[HLS 214-178]" key="HLS 214-178" tag="" content="Inlining function &apos;void pow_reduce::log_range_reduce&lt;ap_fixed&lt;121, 12, (ap_q_mode)5, (ap_o_mode)3, 0&gt;, 22, 6, 87, 82&gt;(ap_ufixed&lt;87, -(22), (ap_q_mode)5, (ap_o_mode)3, 0&gt;, ap_fixed&lt;121, 12, (ap_q_mode)5, (ap_o_mode)3, 0&gt;&amp;, ap_ufixed&lt;82, -(((22) + (6)) - (1)), (ap_q_mode)5, (ap_o_mode)3, 0&gt;&amp;)&apos; into &apos;ap_ufixed&lt;72, -37, (ap_q_mode)5, (ap_o_mode)3, 0&gt; pow_reduce::pow_traits&lt;double&gt;::log_range_reduction&lt;71&gt;(ap_ufixed&lt;71, -4, (ap_q_mode)5, (ap_o_mode)3, 0&gt;, ap_fixed&lt;121, 12, (ap_q_mode)5, (ap_o_mode)3, 0&gt;&amp;)&apos; (C:\scratch\2023.2\hls_product\689\2023.2\src\shared\hls\clib/hlsmath/include/FloatingPoint\hls_pow.h:186:0)" resolution=""/>
	<Message severity="INFO" prefix="[HLS 214-178]" key="HLS 214-178" tag="" content="Inlining function &apos;void pow_reduce::log_range_reduce&lt;ap_fixed&lt;121, 12, (ap_q_mode)5, (ap_o_mode)3, 0&gt;, 27, 6, 82, 77&gt;(ap_ufixed&lt;82, -(27), (ap_q_mode)5, (ap_o_mode)3, 0&gt;, ap_fixed&lt;121, 12, (ap_q_mode)5, (ap_o_mode)3, 0&gt;&amp;, ap_ufixed&lt;77, -(((27) + (6)) - (1)), (ap_q_mode)5, (ap_o_mode)3, 0&gt;&amp;)&apos; into &apos;ap_ufixed&lt;72, -37, (ap_q_mode)5, (ap_o_mode)3, 0&gt; pow_reduce::pow_traits&lt;double&gt;::log_range_reduction&lt;71&gt;(ap_ufixed&lt;71, -4, (ap_q_mode)5, (ap_o_mode)3, 0&gt;, ap_fixed&lt;121, 12, (ap_q_mode)5, (ap_o_mode)3, 0&gt;&amp;)&apos; (C:\scratch\2023.2\hls_product\689\2023.2\src\shared\hls\clib/hlsmath/include/FloatingPoint\hls_pow.h:186:0)" resolution=""/>
	<Message severity="INFO" prefix="[HLS 214-178]" key="HLS 214-178" tag="" content="Inlining function &apos;void pow_reduce::log_range_reduce&lt;ap_fixed&lt;121, 12, (ap_q_mode)5, (ap_o_mode)3, 0&gt;, 32, 6, 77, 72&gt;(ap_ufixed&lt;77, -(32), (ap_q_mode)5, (ap_o_mode)3, 0&gt;, ap_fixed&lt;121, 12, (ap_q_mode)5, (ap_o_mode)3, 0&gt;&amp;, ap_ufixed&lt;72, -(((32) + (6)) - (1)), (ap_q_mode)5, (ap_o_mode)3, 0&gt;&amp;)&apos; into &apos;ap_ufixed&lt;72, -37, (ap_q_mode)5, (ap_o_mode)3, 0&gt; pow_reduce::pow_traits&lt;double&gt;::log_range_reduction&lt;71&gt;(ap_ufixed&lt;71, -4, (ap_q_mode)5, (ap_o_mode)3, 0&gt;, ap_fixed&lt;121, 12, (ap_q_mode)5, (ap_o_mode)3, 0&gt;&amp;)&apos; (C:\scratch\2023.2\hls_product\689\2023.2\src\shared\hls\clib/hlsmath/include/FloatingPoint\hls_pow.h:186:0)" resolution=""/>
	<Message severity="INFO" prefix="[HLS 214-178]" key="HLS 214-178" tag="" content="Inlining function &apos;fp_struct&lt;double&gt;::fp_struct(double)&apos; into &apos;double pow_reduce::pow_generic&lt;double&gt;(double, double)&apos; (C:\scratch\2023.2\hls_product\689\2023.2\src\shared\hls\clib/hlsmath/include/FloatingPoint\hls_pow.h:292:0)" resolution=""/>
	<Message severity="INFO" prefix="[HLS 214-178]" key="HLS 214-178" tag="" content="Inlining function &apos;fp_struct&lt;double&gt;::expv() const&apos; into &apos;double pow_reduce::pow_generic&lt;double&gt;(double, double)&apos; (C:\scratch\2023.2\hls_product\689\2023.2\src\shared\hls\clib/hlsmath/include/FloatingPoint\hls_pow.h:292:0)" resolution=""/>
	<Message severity="INFO" prefix="[HLS 214-178]" key="HLS 214-178" tag="" content="Inlining function &apos;int generic_isinf&lt;double&gt;(double)&apos; into &apos;double pow_reduce::pow_generic&lt;double&gt;(double, double)&apos; (C:\scratch\2023.2\hls_product\689\2023.2\src\shared\hls\clib/hlsmath/include/FloatingPoint\hls_pow.h:292:0)" resolution=""/>
	<Message severity="INFO" prefix="[HLS 214-178]" key="HLS 214-178" tag="" content="Inlining function &apos;int generic_isnan&lt;double&gt;(double)&apos; into &apos;double pow_reduce::pow_generic&lt;double&gt;(double, double)&apos; (C:\scratch\2023.2\hls_product\689\2023.2\src\shared\hls\clib/hlsmath/include/FloatingPoint\hls_pow.h:292:0)" resolution=""/>
	<Message severity="INFO" prefix="[HLS 214-178]" key="HLS 214-178" tag="" content="Inlining function &apos;pow_reduce::pow_traits&lt;double&gt;::exp_Z1P_m_1(ap_ufixed&lt;51, -8, (ap_q_mode)5, (ap_o_mode)3, 0&gt;)&apos; into &apos;double pow_reduce::pow_generic&lt;double&gt;(double, double)&apos; (C:\scratch\2023.2\hls_product\689\2023.2\src\shared\hls\clib/hlsmath/include/FloatingPoint\hls_pow.h:292:0)" resolution=""/>
	<Message severity="INFO" prefix="[HLS 214-178]" key="HLS 214-178" tag="" content="Inlining function &apos;fp_struct&lt;double&gt;::fp_struct(double)&apos; into &apos;int generic_cast_IEEE754&lt;int, (ap_q_mode)6, double&gt;(double, bool, hls::enable_if&lt;std::numeric_limits&lt;int&gt;::is_signed, bool&gt;::type)&apos; (C:\scratch\2023.2\hls_product\689\2023.2\src\shared\hls\clib/hlsmath/include/FloatingPoint\hls_case_IEEE754.h:12:0)" resolution=""/>
	<Message severity="INFO" prefix="[HLS 214-178]" key="HLS 214-178" tag="" content="Inlining function &apos;fp_struct&lt;double&gt;::mantissa() const&apos; into &apos;int generic_cast_IEEE754&lt;int, (ap_q_mode)6, double&gt;(double, bool, hls::enable_if&lt;std::numeric_limits&lt;int&gt;::is_signed, bool&gt;::type)&apos; (C:\scratch\2023.2\hls_product\689\2023.2\src\shared\hls\clib/hlsmath/include/FloatingPoint\hls_case_IEEE754.h:12:0)" resolution=""/>
	<Message severity="INFO" prefix="[HLS 214-178]" key="HLS 214-178" tag="" content="Inlining function &apos;fp_struct&lt;double&gt;::expv() const&apos; into &apos;int generic_cast_IEEE754&lt;int, (ap_q_mode)6, double&gt;(double, bool, hls::enable_if&lt;std::numeric_limits&lt;int&gt;::is_signed, bool&gt;::type)&apos; (C:\scratch\2023.2\hls_product\689\2023.2\src\shared\hls\clib/hlsmath/include/FloatingPoint\hls_case_IEEE754.h:12:0)" resolution=""/>
	<Message severity="INFO" prefix="[HLS 214-178]" key="HLS 214-178" tag="" content="Inlining function &apos;fp_struct&lt;double&gt;::__signbit() const&apos; into &apos;int generic_cast_IEEE754&lt;int, (ap_q_mode)6, double&gt;(double, bool, hls::enable_if&lt;std::numeric_limits&lt;int&gt;::is_signed, bool&gt;::type)&apos; (C:\scratch\2023.2\hls_product\689\2023.2\src\shared\hls\clib/hlsmath/include/FloatingPoint\hls_case_IEEE754.h:12:0)" resolution=""/>
	<Message severity="INFO" prefix="[HLS 214-178]" key="HLS 214-178" tag="" content="Inlining function &apos;int generic_cast_IEEE754&lt;int, (ap_q_mode)6, double&gt;(double, bool, hls::enable_if&lt;std::numeric_limits&lt;int&gt;::is_signed, bool&gt;::type)&apos; into &apos;int generic_cast_IEEE754&lt;int, double&gt;(double, bool)&apos; (C:\scratch\2023.2\hls_product\689\2023.2\src\shared\hls\clib/hlsmath/include/FloatingPoint\hls_case_IEEE754.h:116:0)" resolution=""/>
	<Message severity="INFO" prefix="[HLS 214-178]" key="HLS 214-178" tag="" content="Inlining function &apos;int generic_cast_IEEE754&lt;int, double&gt;(double, bool)&apos; into &apos;__hls_fptosi_double_i32&apos; (C:\scratch\2023.2\hls_product\689\2023.2\src\shared\hls\clib\hlsmath\src\lib_floatconversion.cpp:55:0)" resolution=""/>
	<Message severity="INFO" prefix="[HLS 214-178]" key="HLS 214-178" tag="" content="Inlining function &apos;pow&apos; into &apos;ImageTransform&apos; (HLS_examen/sources/hls_examen.c:8:0)" resolution=""/>
	<Message severity="INFO" prefix="[HLS 214-178]" key="HLS 214-178" tag="" content="Inlining function &apos;__hls_fptosi_double_i32&apos; into &apos;ImageTransform&apos; (HLS_examen/sources/hls_examen.c:8:0)" resolution=""/>
	<Message severity="INFO" prefix="[HLS 214-376]" key="HLS 214-376" tag="" content="automatically set the pipeline for Loop&lt; VITIS_LOOP_53_6&gt; at HLS_examen/sources/hls_examen.c:53:38" resolution=""/>
	<Message severity="INFO" prefix="[HLS 214-376]" key="HLS 214-376" tag="" content="automatically set the pipeline for Loop&lt; VITIS_LOOP_35_4&gt; at HLS_examen/sources/hls_examen.c:35:38" resolution=""/>
	<Message severity="INFO" prefix="[HLS 214-376]" key="HLS 214-376" tag="" content="automatically set the pipeline for Loop&lt; VITIS_LOOP_64_8&gt; at HLS_examen/sources/hls_examen.c:64:38" resolution=""/>
	<Message severity="INFO" prefix="[HLS 214-115]" key="HLS 214-115" tag="VITIS_INTERFACE" content="Multiple burst reads of length 3 and bit width 8 has been inferred on bundle &apos;input_r&apos;. These burst requests might be further partitioned into multiple requests during RTL generation, based on max_read_burst_length or max_write_burst_length settings. (HLS_examen/sources/hls_examen.c:37:33)" resolution=""/>
	<Message severity="INFO" prefix="[HLS 214-115]" key="HLS 214-115" tag="VITIS_INTERFACE" content="Multiple burst writes of length 3 and bit width 8 has been inferred on bundle &apos;output_r&apos;. These burst requests might be further partitioned into multiple requests during RTL generation, based on max_read_burst_length or max_write_burst_length settings. (HLS_examen/sources/hls_examen.c:53:91)" resolution=""/>
	<Message severity="INFO" prefix="[HLS 214-115]" key="HLS 214-115" tag="VITIS_INTERFACE" content="Multiple burst reads of length 3 and bit width 8 has been inferred on bundle &apos;input_r&apos;. These burst requests might be further partitioned into multiple requests during RTL generation, based on max_read_burst_length or max_write_burst_length settings. (HLS_examen/sources/hls_examen.c:66:46)" resolution=""/>
	<Message severity="INFO" prefix="[HLS 214-115]" key="HLS 214-115" tag="VITIS_INTERFACE" content="Multiple burst writes of length 3 and bit width 8 has been inferred on bundle &apos;output_r&apos;. These burst requests might be further partitioned into multiple requests during RTL generation, based on max_read_burst_length or max_write_burst_length settings. (HLS_examen/sources/hls_examen.c:64:91)" resolution=""/>
	<Message severity="INFO" prefix="[HLS 200-111]" key="HLS_111_966" tag="RUNTIME" content="Finished Compiling Optimization and Transform: CPU user time: 1 seconds. CPU system time: 0 seconds. Elapsed time: 9.685 seconds; current allocated memory: 120.238 MB." resolution=""/>
	<Message severity="INFO" prefix="[HLS 200-111]" key="HLS_111_966" tag="RUNTIME" content="Finished Checking Pragmas: CPU user time: 0 seconds. CPU system time: 0 seconds. Elapsed time: 0.002 seconds; current allocated memory: 120.242 MB." resolution=""/>
	<Message severity="INFO" prefix="[HLS 200-10]" key="HLS_10_1467" tag="" content="Starting code transformations ..." resolution=""/>
	<Message severity="INFO" prefix="[HLS 200-111]" key="HLS_111_966" tag="RUNTIME" content="Finished Standard Transforms: CPU user time: 0 seconds. CPU system time: 0 seconds. Elapsed time: 0.347 seconds; current allocated memory: 131.504 MB." resolution=""/>
	<Message severity="INFO" prefix="[HLS 200-10]" key="HLS_10_1472" tag="" content="Checking synthesizability ..." resolution=""/>
	<Message severity="INFO" prefix="[XFORM 203-602]" key="XFORM_AUTO_INLINE_STATUS_223" tag="" content="Inlining function &apos;fp_struct&lt;double&gt;::to_ieee&apos; into &apos;pow_reduce::pow_generic&lt;double&gt;&apos; (C:\scratch\2023.2\hls_product\689\2023.2\src\shared\hls\clib/hlsmath/include/FloatingPoint\hls_pow.h:383) automatically." resolution=""/>
	<Message severity="INFO" prefix="[XFORM 203-602]" key="XFORM_AUTO_INLINE_STATUS_223" tag="" content="Inlining function &apos;pow_reduce::pow_traits&lt;double&gt;::log_range_reduction&lt;71&gt;&apos; into &apos;pow_reduce::pow_generic&lt;double&gt;&apos; (C:\scratch\2023.2\hls_product\689\2023.2\src\shared\hls\clib/hlsmath/include/FloatingPoint\hls_pow.h:519) automatically." resolution=""/>
	<Message severity="INFO" prefix="[HLS 200-111]" key="HLS_111_966" tag="RUNTIME" content="Finished Checking Synthesizability: CPU user time: 0 seconds. CPU system time: 0 seconds. Elapsed time: 0.181 seconds; current allocated memory: 138.418 MB." resolution=""/>
	<Message severity="INFO" prefix="[XFORM 203-602]" key="XFORM_AUTO_INLINE_STATUS_223" tag="" content="Inlining function &apos;fp_struct&lt;double&gt;::to_ieee&apos; into &apos;pow_reduce::pow_generic&lt;double&gt;&apos; (C:\scratch\2023.2\hls_product\689\2023.2\src\shared\hls\clib/hlsmath/include/FloatingPoint\hls_pow.h:383) automatically." resolution=""/>
	<Message severity="INFO" prefix="[XFORM 203-602]" key="XFORM_AUTO_INLINE_STATUS_223" tag="" content="Inlining function &apos;pow_reduce::pow_traits&lt;double&gt;::log_range_reduction&lt;71&gt;&apos; into &apos;pow_reduce::pow_generic&lt;double&gt;&apos; (C:\scratch\2023.2\hls_product\689\2023.2\src\shared\hls\clib/hlsmath/include/FloatingPoint\hls_pow.h:519) automatically." resolution=""/>
	<Message severity="INFO" prefix="[XFORM 203-401]" key="XFORM_IFCONV_STATUS_239" tag="" content="Performing if-conversion on hyperblock to (C:\scratch\2023.2\hls_product\689\2023.2\src\shared\hls\clib/hlsmath/include/FloatingPoint\hls_pow.h:661:3) in function &apos;pow_reduce::pow_generic&lt;double&gt;&apos;... converting 9 basic blocks." resolution=""/>
	<Message severity="INFO" prefix="[XFORM 203-11]" key="XFORM_EXPR_BALANCE_STATUS_178" tag="" content="Balancing expressions in function &apos;pow_reduce::pow_generic&lt;double&gt;&apos; (C:\scratch\2023.2\hls_product\689\2023.2\src\shared\hls\clib/hlsmath/include/FloatingPoint\hls_pow.h:18:3)...7 expression(s) balanced." resolution=""/>
	<Message severity="INFO" prefix="[XFORM 203-11]" key="XFORM_EXPR_BALANCE_STATUS_178" tag="" content="Balancing expressions in function &apos;ImageTransform&apos; (HLS_examen/sources/hls_examen.c:7:38)...6 expression(s) balanced." resolution=""/>
	<Message severity="INFO" prefix="[HLS 200-111]" key="HLS_111_966" tag="RUNTIME" content="Finished Loop, function and other optimizations: CPU user time: 0 seconds. CPU system time: 0 seconds. Elapsed time: 0.42 seconds; current allocated memory: 167.703 MB." resolution=""/>
	<Message severity="INFO" prefix="[HLS 200-2061]" key="HLS 200-2061" tag="" content="Successfully converted nested loops &apos;VITIS_LOOP_34_3&apos;(HLS_examen/sources/hls_examen.c:34:34) and &apos;VITIS_LOOP_35_4&apos;(HLS_examen/sources/hls_examen.c:35:38) in function &apos;ImageTransform&apos; into perfectly nested loops." resolution=""/>
	<Message severity="INFO" prefix="[HLS 200-2061]" key="HLS 200-2061" tag="" content="Successfully converted nested loops &apos;VITIS_LOOP_52_5&apos;(HLS_examen/sources/hls_examen.c:52:34) and &apos;VITIS_LOOP_53_6&apos;(HLS_examen/sources/hls_examen.c:53:38) in function &apos;ImageTransform&apos; into perfectly nested loops." resolution=""/>
	<Message severity="INFO" prefix="[HLS 200-2061]" key="HLS 200-2061" tag="" content="Successfully converted nested loops &apos;VITIS_LOOP_63_7&apos;(HLS_examen/sources/hls_examen.c:63:34) and &apos;VITIS_LOOP_64_8&apos;(HLS_examen/sources/hls_examen.c:64:38) in function &apos;ImageTransform&apos; into perfectly nested loops." resolution=""/>
	<Message severity="INFO" prefix="[XFORM 203-541]" key="XFORM_LOOPFLAT_STATUS_218" tag="" content="Flattening a loop nest &apos;VITIS_LOOP_34_3&apos; (HLS_examen/sources/hls_examen.c:34:34) in function &apos;ImageTransform&apos;." resolution=""/>
	<Message severity="INFO" prefix="[XFORM 203-541]" key="XFORM_LOOPFLAT_STATUS_218" tag="" content="Flattening a loop nest &apos;VITIS_LOOP_52_5&apos; (HLS_examen/sources/hls_examen.c:52:34) in function &apos;ImageTransform&apos;." resolution=""/>
	<Message severity="INFO" prefix="[XFORM 203-541]" key="XFORM_LOOPFLAT_STATUS_218" tag="" content="Flattening a loop nest &apos;VITIS_LOOP_63_7&apos; (HLS_examen/sources/hls_examen.c:63:34) in function &apos;ImageTransform&apos;." resolution=""/>
	<Message severity="INFO" prefix="[XFORM 203-541]" key="XFORM_LOOPFLAT_STATUS_218" tag="" content="Flattening a loop nest &apos;VITIS_LOOP_26_1&apos; (HLS_examen/sources/hls_examen.c:26:22) in function &apos;ImageTransform&apos;." resolution=""/>
	<Message severity="INFO" prefix="[HLS 200-111]" key="HLS_111_966" tag="RUNTIME" content="Finished Architecture Synthesis: CPU user time: 0 seconds. CPU system time: 0 seconds. Elapsed time: 0.38 seconds; current allocated memory: 203.598 MB." resolution=""/>
	<Message severity="INFO" prefix="[HLS 200-10]" key="HLS_10_1317" tag="" content="Starting hardware synthesis ..." resolution=""/>
	<Message severity="INFO" prefix="[HLS 200-10]" key="HLS_10_1385" tag="" content="Synthesizing &apos;ImageTransform&apos; ..." resolution=""/>
	<Message severity="WARNING" prefix="[SYN 201-103]" key="SYN_MODULE_NAME_ILLEGAL_445" tag="" content="Legalizing function name &apos;pow_generic&lt;double&gt;&apos; to &apos;pow_generic_double_s&apos;." resolution=""/>
	<Message severity="INFO" prefix="[HLS 200-10]" key="HLS_10_1477" tag="" content="----------------------------------------------------------------" resolution=""/>
	<Message severity="INFO" prefix="[HLS 200-42]" key="HLS_42_1438" tag="" content="-- Implementing module &apos;pow_generic_double_s&apos;" resolution=""/>
	<Message severity="INFO" prefix="[HLS 200-10]" key="HLS_10_1478" tag="" content="----------------------------------------------------------------" resolution=""/>
	<Message severity="INFO" prefix="[SCHED 204-11]" key="SCHED_SCHED_STATUS_597" tag="" content="Starting scheduling ..." resolution=""/>
	<Message severity="INFO" prefix="[HLS 200-486]" key="HLS 200-486" tag="" content="Changing DSP latency (root=add_ln563) to 3 in order to utilize available DSP registers." resolution=""/>
	<Message severity="INFO" prefix="[SCHED 204-61]" key="SCHED_PIPELINING_STATUS_46" tag="" content="Pipelining function &apos;pow_generic&lt;double&gt;&apos;." resolution=""/>
	<Message severity="INFO" prefix="[HLS 200-1470]" key="HLS 200-1470" tag="SCHEDULE,VITIS_THROUGHPUT" content="Pipelining result : Target II = NA, Final II = 1, Depth = 70, function &apos;pow_generic&lt;double&gt;&apos;" resolution=""/>
	<Message severity="INFO" prefix="[SCHED 204-11]" key="SCHED_SCHED_STATUS_596" tag="" content="Finished scheduling." resolution=""/>
	<Message severity="INFO" prefix="[HLS 200-111]" key="HLS_111_966" tag="RUNTIME" content="Finished Scheduling: CPU user time: 0 seconds. CPU system time: 0 seconds. Elapsed time: 0.65 seconds; current allocated memory: 210.906 MB." resolution=""/>
	<Message severity="INFO" prefix="[BIND 205-100]" key="BIND_100_926" tag="" content="Starting micro-architecture generation ..." resolution=""/>
	<Message severity="INFO" prefix="[BIND 205-101]" key="BIND_101_698" tag="" content="Performing variable lifetime analysis." resolution=""/>
	<Message severity="INFO" prefix="[BIND 205-101]" key="BIND_101_697" tag="" content="Exploring resource sharing." resolution=""/>
	<Message severity="INFO" prefix="[BIND 205-101]" key="BIND_101_693" tag="" content="Binding ..." resolution=""/>
	<Message severity="INFO" prefix="[BIND 205-100]" key="BIND_100_925" tag="" content="Finished micro-architecture generation." resolution=""/>
	<Message severity="INFO" prefix="[HLS 200-111]" key="HLS_111_966" tag="RUNTIME" content="Finished Binding: CPU user time: 0 seconds. CPU system time: 0 seconds. Elapsed time: 0.159 seconds; current allocated memory: 212.688 MB." resolution=""/>
	<Message severity="INFO" prefix="[HLS 200-10]" key="HLS_10_1477" tag="" content="----------------------------------------------------------------" resolution=""/>
	<Message severity="INFO" prefix="[HLS 200-42]" key="HLS_42_1438" tag="" content="-- Implementing module &apos;ImageTransform_Pipeline_VITIS_LOOP_63_7_VITIS_LOOP_64_8&apos;" resolution=""/>
	<Message severity="INFO" prefix="[HLS 200-10]" key="HLS_10_1478" tag="" content="----------------------------------------------------------------" resolution=""/>
	<Message severity="INFO" prefix="[SCHED 204-11]" key="SCHED_SCHED_STATUS_597" tag="" content="Starting scheduling ..." resolution=""/>
	<Message severity="INFO" prefix="[SCHED 204-61]" key="SCHED_PIPELINING_STATUS_41" tag="" content="Pipelining loop &apos;VITIS_LOOP_63_7_VITIS_LOOP_64_8&apos;." resolution=""/>
	<Message severity="WARNING" prefix="[HLS 200-880]" key="HLS 200-880" tag="LOOP,SCHEDULE,VITIS_THROUGHPUT" content="The II Violation in module &apos;ImageTransform_Pipeline_VITIS_LOOP_63_7_VITIS_LOOP_64_8&apos; (loop &apos;VITIS_LOOP_63_7_VITIS_LOOP_64_8&apos;): Unable to enforce a carried dependence constraint (II = 1, distance = 1, offset = 1) between &apos;add&apos; operation 64 bit (&apos;add_ln64_3&apos;, HLS_examen/sources/hls_examen.c:64) and &apos;icmp&apos; operation 1 bit (&apos;icmp_ln64&apos;, HLS_examen/sources/hls_examen.c:64)." resolution="http://docs.xilinx.com/access/sources/dita/topic?Doc_Version=2023.2%20English&amp;url=ug1448-hls-guidance&amp;resourceid=200-880.html"/>
	<Message severity="WARNING" prefix="[HLS 200-880]" key="HLS 200-880" tag="LOOP,SCHEDULE,VITIS_THROUGHPUT" content="The II Violation in module &apos;ImageTransform_Pipeline_VITIS_LOOP_63_7_VITIS_LOOP_64_8&apos; (loop &apos;VITIS_LOOP_63_7_VITIS_LOOP_64_8&apos;): Unable to enforce a carried dependence constraint (II = 2, distance = 1, offset = 1) between bus read operation (&apos;input_r_addr_read_2&apos;, HLS_examen/sources/hls_examen.c:66) on port &apos;input_r&apos; (HLS_examen/sources/hls_examen.c:66) and bus read operation (&apos;input_r_addr_read&apos;, HLS_examen/sources/hls_examen.c:66) on port &apos;input_r&apos; (HLS_examen/sources/hls_examen.c:66)." resolution="http://docs.xilinx.com/access/sources/dita/topic?Doc_Version=2023.2%20English&amp;url=ug1448-hls-guidance&amp;resourceid=200-880.html"/>
	<Message severity="INFO" prefix="[HLS 200-1470]" key="HLS 200-1470" tag="SCHEDULE,VITIS_THROUGHPUT" content="Pipelining result : Target II = NA, Final II = 3, Depth = 22, loop &apos;VITIS_LOOP_63_7_VITIS_LOOP_64_8&apos;" resolution=""/>
	<Message severity="INFO" prefix="[SCHED 204-11]" key="SCHED_SCHED_STATUS_596" tag="" content="Finished scheduling." resolution=""/>
	<Message severity="INFO" prefix="[HLS 200-111]" key="HLS_111_966" tag="RUNTIME" content="Finished Scheduling: CPU user time: 0 seconds. CPU system time: 0 seconds. Elapsed time: 0.21 seconds; current allocated memory: 213.449 MB." resolution=""/>
	<Message severity="INFO" prefix="[BIND 205-100]" key="BIND_100_926" tag="" content="Starting micro-architecture generation ..." resolution=""/>
	<Message severity="INFO" prefix="[BIND 205-101]" key="BIND_101_698" tag="" content="Performing variable lifetime analysis." resolution=""/>
	<Message severity="INFO" prefix="[BIND 205-101]" key="BIND_101_697" tag="" content="Exploring resource sharing." resolution=""/>
	<Message severity="INFO" prefix="[BIND 205-101]" key="BIND_101_693" tag="" content="Binding ..." resolution=""/>
	<Message severity="INFO" prefix="[BIND 205-100]" key="BIND_100_925" tag="" content="Finished micro-architecture generation." resolution=""/>
	<Message severity="INFO" prefix="[HLS 200-111]" key="HLS_111_966" tag="RUNTIME" content="Finished Binding: CPU user time: 0 seconds. CPU system time: 0 seconds. Elapsed time: 0.072 seconds; current allocated memory: 213.527 MB." resolution=""/>
	<Message severity="INFO" prefix="[HLS 200-10]" key="HLS_10_1477" tag="" content="----------------------------------------------------------------" resolution=""/>
	<Message severity="INFO" prefix="[HLS 200-42]" key="HLS_42_1438" tag="" content="-- Implementing module &apos;ImageTransform_Pipeline_VITIS_LOOP_34_3_VITIS_LOOP_35_4&apos;" resolution=""/>
	<Message severity="INFO" prefix="[HLS 200-10]" key="HLS_10_1478" tag="" content="----------------------------------------------------------------" resolution=""/>
	<Message severity="INFO" prefix="[SCHED 204-11]" key="SCHED_SCHED_STATUS_597" tag="" content="Starting scheduling ..." resolution=""/>
	<Message severity="INFO" prefix="[SCHED 204-61]" key="SCHED_PIPELINING_STATUS_41" tag="" content="Pipelining loop &apos;VITIS_LOOP_34_3_VITIS_LOOP_35_4&apos;." resolution=""/>
	<Message severity="WARNING" prefix="[HLS 200-880]" key="HLS 200-880" tag="LOOP,SCHEDULE,VITIS_THROUGHPUT" content="The II Violation in module &apos;ImageTransform_Pipeline_VITIS_LOOP_34_3_VITIS_LOOP_35_4&apos; (loop &apos;VITIS_LOOP_34_3_VITIS_LOOP_35_4&apos;): Unable to enforce a carried dependence constraint (II = 1, distance = 1, offset = 1) between &apos;add&apos; operation 64 bit (&apos;add_ln35_2&apos;, HLS_examen/sources/hls_examen.c:35) and &apos;icmp&apos; operation 1 bit (&apos;icmp_ln35&apos;, HLS_examen/sources/hls_examen.c:35)." resolution="http://docs.xilinx.com/access/sources/dita/topic?Doc_Version=2023.2%20English&amp;url=ug1448-hls-guidance&amp;resourceid=200-880.html"/>
	<Message severity="WARNING" prefix="[HLS 200-880]" key="HLS 200-880" tag="LOOP,SCHEDULE,VITIS_THROUGHPUT" content="The II Violation in module &apos;ImageTransform_Pipeline_VITIS_LOOP_34_3_VITIS_LOOP_35_4&apos; (loop &apos;VITIS_LOOP_34_3_VITIS_LOOP_35_4&apos;): Unable to enforce a carried dependence constraint (II = 2, distance = 1, offset = 1) between bus read operation (&apos;input_r_addr_read_2&apos;, HLS_examen/sources/hls_examen.c:37) on port &apos;input_r&apos; (HLS_examen/sources/hls_examen.c:37) and bus read operation (&apos;input_r_addr_read&apos;, HLS_examen/sources/hls_examen.c:37) on port &apos;input_r&apos; (HLS_examen/sources/hls_examen.c:37)." resolution="http://docs.xilinx.com/access/sources/dita/topic?Doc_Version=2023.2%20English&amp;url=ug1448-hls-guidance&amp;resourceid=200-880.html"/>
	<Message severity="INFO" prefix="[HLS 200-1470]" key="HLS 200-1470" tag="SCHEDULE,VITIS_THROUGHPUT" content="Pipelining result : Target II = NA, Final II = 3, Depth = 17, loop &apos;VITIS_LOOP_34_3_VITIS_LOOP_35_4&apos;" resolution=""/>
	<Message severity="INFO" prefix="[SCHED 204-11]" key="SCHED_SCHED_STATUS_596" tag="" content="Finished scheduling." resolution=""/>
	<Message severity="INFO" prefix="[HLS 200-111]" key="HLS_111_966" tag="RUNTIME" content="Finished Scheduling: CPU user time: 0 seconds. CPU system time: 0 seconds. Elapsed time: 0.159 seconds; current allocated memory: 214.141 MB." resolution=""/>
	<Message severity="INFO" prefix="[BIND 205-100]" key="BIND_100_926" tag="" content="Starting micro-architecture generation ..." resolution=""/>
	<Message severity="INFO" prefix="[BIND 205-101]" key="BIND_101_698" tag="" content="Performing variable lifetime analysis." resolution=""/>
	<Message severity="INFO" prefix="[BIND 205-101]" key="BIND_101_697" tag="" content="Exploring resource sharing." resolution=""/>
	<Message severity="INFO" prefix="[BIND 205-101]" key="BIND_101_693" tag="" content="Binding ..." resolution=""/>
	<Message severity="INFO" prefix="[BIND 205-100]" key="BIND_100_925" tag="" content="Finished micro-architecture generation." resolution=""/>
	<Message severity="INFO" prefix="[HLS 200-111]" key="HLS_111_966" tag="RUNTIME" content="Finished Binding: CPU user time: 0 seconds. CPU system time: 0 seconds. Elapsed time: 0.088 seconds; current allocated memory: 214.172 MB." resolution=""/>
	<Message severity="INFO" prefix="[HLS 200-10]" key="HLS_10_1477" tag="" content="----------------------------------------------------------------" resolution=""/>
	<Message severity="INFO" prefix="[HLS 200-42]" key="HLS_42_1438" tag="" content="-- Implementing module &apos;ImageTransform_Pipeline_VITIS_LOOP_52_5_VITIS_LOOP_53_6&apos;" resolution=""/>
	<Message severity="INFO" prefix="[HLS 200-10]" key="HLS_10_1478" tag="" content="----------------------------------------------------------------" resolution=""/>
	<Message severity="INFO" prefix="[SCHED 204-11]" key="SCHED_SCHED_STATUS_597" tag="" content="Starting scheduling ..." resolution=""/>
	<Message severity="INFO" prefix="[SCHED 204-61]" key="SCHED_PIPELINING_STATUS_41" tag="" content="Pipelining loop &apos;VITIS_LOOP_52_5_VITIS_LOOP_53_6&apos;." resolution=""/>
	<Message severity="WARNING" prefix="[HLS 200-880]" key="HLS 200-880" tag="LOOP,SCHEDULE,VITIS_THROUGHPUT" content="The II Violation in module &apos;ImageTransform_Pipeline_VITIS_LOOP_52_5_VITIS_LOOP_53_6&apos; (loop &apos;VITIS_LOOP_52_5_VITIS_LOOP_53_6&apos;): Unable to enforce a carried dependence constraint (II = 1, distance = 1, offset = 1) between &apos;add&apos; operation 64 bit (&apos;add_ln53_2&apos;, HLS_examen/sources/hls_examen.c:53) and &apos;icmp&apos; operation 1 bit (&apos;icmp_ln53&apos;, HLS_examen/sources/hls_examen.c:53)." resolution="http://docs.xilinx.com/access/sources/dita/topic?Doc_Version=2023.2%20English&amp;url=ug1448-hls-guidance&amp;resourceid=200-880.html"/>
	<Message severity="WARNING" prefix="[HLS 200-880]" key="HLS 200-880" tag="LOOP,SCHEDULE,VITIS_THROUGHPUT" content="The II Violation in module &apos;ImageTransform_Pipeline_VITIS_LOOP_52_5_VITIS_LOOP_53_6&apos; (loop &apos;VITIS_LOOP_52_5_VITIS_LOOP_53_6&apos;): Unable to enforce a carried dependence constraint (II = 2, distance = 1, offset = 1) between bus write operation (&apos;output_r_addr_write_ln53&apos;, HLS_examen/sources/hls_examen.c:53) on port &apos;output_r&apos; (HLS_examen/sources/hls_examen.c:53) and bus write operation (&apos;output_r_addr_write_ln53&apos;, HLS_examen/sources/hls_examen.c:53) on port &apos;output_r&apos; (HLS_examen/sources/hls_examen.c:53)." resolution="http://docs.xilinx.com/access/sources/dita/topic?Doc_Version=2023.2%20English&amp;url=ug1448-hls-guidance&amp;resourceid=200-880.html"/>
	<Message severity="INFO" prefix="[HLS 200-1470]" key="HLS 200-1470" tag="SCHEDULE,VITIS_THROUGHPUT" content="Pipelining result : Target II = NA, Final II = 3, Depth = 14, loop &apos;VITIS_LOOP_52_5_VITIS_LOOP_53_6&apos;" resolution=""/>
	<Message severity="INFO" prefix="[SCHED 204-11]" key="SCHED_SCHED_STATUS_596" tag="" content="Finished scheduling." resolution=""/>
	<Message severity="INFO" prefix="[HLS 200-111]" key="HLS_111_966" tag="RUNTIME" content="Finished Scheduling: CPU user time: 0 seconds. CPU system time: 0 seconds. Elapsed time: 0.161 seconds; current allocated memory: 214.762 MB." resolution=""/>
	<Message severity="INFO" prefix="[BIND 205-100]" key="BIND_100_926" tag="" content="Starting micro-architecture generation ..." resolution=""/>
	<Message severity="INFO" prefix="[BIND 205-101]" key="BIND_101_698" tag="" content="Performing variable lifetime analysis." resolution=""/>
	<Message severity="INFO" prefix="[BIND 205-101]" key="BIND_101_697" tag="" content="Exploring resource sharing." resolution=""/>
	<Message severity="INFO" prefix="[BIND 205-101]" key="BIND_101_693" tag="" content="Binding ..." resolution=""/>
	<Message severity="INFO" prefix="[BIND 205-100]" key="BIND_100_925" tag="" content="Finished micro-architecture generation." resolution=""/>
	<Message severity="INFO" prefix="[HLS 200-111]" key="HLS_111_966" tag="RUNTIME" content="Finished Binding: CPU user time: 0 seconds. CPU system time: 0 seconds. Elapsed time: 0.087 seconds; current allocated memory: 214.859 MB." resolution=""/>
	<Message severity="INFO" prefix="[HLS 200-10]" key="HLS_10_1477" tag="" content="----------------------------------------------------------------" resolution=""/>
	<Message severity="INFO" prefix="[HLS 200-42]" key="HLS_42_1438" tag="" content="-- Implementing module &apos;ImageTransform&apos;" resolution=""/>
	<Message severity="INFO" prefix="[HLS 200-10]" key="HLS_10_1478" tag="" content="----------------------------------------------------------------" resolution=""/>
	<Message severity="INFO" prefix="[SCHED 204-11]" key="SCHED_SCHED_STATUS_597" tag="" content="Starting scheduling ..." resolution=""/>
	<Message severity="INFO" prefix="[HLS 200-486]" key="HLS 200-486" tag="" content="Changing DSP latency (root=add_ln28) to 3 in order to utilize available DSP registers." resolution=""/>
	<Message severity="WARNING" prefix="[HLS 200-871]" key="HLS 200-871" tag="SCHEDULE,VITIS_KERNEL" content="Estimated clock period (6.442 ns) exceeds the target (target clock period: 8.000 ns, clock uncertainty: 2.160 ns, effective delay budget: 5.840 ns)." resolution="http://docs.xilinx.com/access/sources/dita/topic?Doc_Version=2023.2%20English&amp;url=ug1448-hls-guidance&amp;resourceid=200-871.html"/>
	<Message severity="WARNING" prefix="[HLS 200-1016]" key="HLS 200-1016" tag="SCHEDULE,VITIS_KERNEL" content="The critical path in module &apos;ImageTransform&apos; consists of the following:
	&apos;sitodp&apos; operation 64 bit (&apos;x&apos;, HLS_examen/sources/hls_examen.c:26) [78]  (6.442 ns)" resolution="http://docs.xilinx.com/access/sources/dita/topic?Doc_Version=2023.2%20English&amp;url=ug1448-hls-guidance&amp;resourceid=200-1016.html"/>
	<Message severity="INFO" prefix="[SCHED 204-11]" key="SCHED_SCHED_STATUS_596" tag="" content="Finished scheduling." resolution=""/>
	<Message severity="INFO" prefix="[HLS 200-111]" key="HLS_111_966" tag="RUNTIME" content="Finished Scheduling: CPU user time: 0 seconds. CPU system time: 0 seconds. Elapsed time: 0.281 seconds; current allocated memory: 217.195 MB." resolution=""/>
	<Message severity="INFO" prefix="[BIND 205-100]" key="BIND_100_926" tag="" content="Starting micro-architecture generation ..." resolution=""/>
	<Message severity="INFO" prefix="[BIND 205-101]" key="BIND_101_698" tag="" content="Performing variable lifetime analysis." resolution=""/>
	<Message severity="INFO" prefix="[BIND 205-101]" key="BIND_101_697" tag="" content="Exploring resource sharing." resolution=""/>
	<Message severity="INFO" prefix="[BIND 205-101]" key="BIND_101_693" tag="" content="Binding ..." resolution=""/>
	<Message severity="INFO" prefix="[BIND 205-100]" key="BIND_100_925" tag="" content="Finished micro-architecture generation." resolution=""/>
	<Message severity="INFO" prefix="[HLS 200-111]" key="HLS_111_966" tag="RUNTIME" content="Finished Binding: CPU user time: 0 seconds. CPU system time: 0 seconds. Elapsed time: 0.169 seconds; current allocated memory: 219.004 MB." resolution=""/>
	<Message severity="INFO" prefix="[HLS 200-10]" key="HLS_10_1483" tag="" content="----------------------------------------------------------------" resolution=""/>
	<Message severity="INFO" prefix="[HLS 200-10]" key="HLS_10_1484" tag="" content="-- Generating RTL for module &apos;pow_generic_double_s&apos;" resolution=""/>
	<Message severity="INFO" prefix="[HLS 200-10]" key="HLS_10_1485" tag="" content="----------------------------------------------------------------" resolution=""/>
	<Message severity="INFO" prefix="[SYN 201-210]" key="SYN_210_889" tag="" content="Renamed object name &apos;pow_generic_double_s_pow_reduce_anonymous_namespace_log_inverse_lut_table_pow_0_5_64_array_ROM_AUTO_1R&apos; to &apos;pow_generic_double_s_pow_reduce_anonymous_namespace_log_inverse_lut_table_powbkb&apos; due to the length limit 80" resolution=""/>
	<Message severity="INFO" prefix="[SYN 201-210]" key="SYN_210_889" tag="" content="Renamed object name &apos;pow_generic_double_s_pow_reduce_anonymous_namespace_log0_lut_table_array_ROM_AUTO_1R&apos; to &apos;pow_generic_double_s_pow_reduce_anonymous_namespace_log0_lut_table_array_ROM_cud&apos; due to the length limit 80" resolution=""/>
	<Message severity="INFO" prefix="[SYN 201-210]" key="SYN_210_889" tag="" content="Renamed object name &apos;pow_generic_double_s_pow_reduce_anonymous_namespace_log_lut_table_ap_fixed_4_4_16_array_ROM_AUTO_1R&apos; to &apos;pow_generic_double_s_pow_reduce_anonymous_namespace_log_lut_table_ap_fixed_4_dEe&apos; due to the length limit 80" resolution=""/>
	<Message severity="INFO" prefix="[SYN 201-210]" key="SYN_210_889" tag="" content="Renamed object name &apos;pow_generic_double_s_pow_reduce_anonymous_namespace_log_lut_table_ap_fixed_7_6_64_array_ROM_AUTO_1R&apos; to &apos;pow_generic_double_s_pow_reduce_anonymous_namespace_log_lut_table_ap_fixed_7_eOg&apos; due to the length limit 80" resolution=""/>
	<Message severity="INFO" prefix="[SYN 201-210]" key="SYN_210_889" tag="" content="Renamed object name &apos;pow_generic_double_s_pow_reduce_anonymous_namespace_log_lut_table_ap_fixed_12_6_64_array_ROM_AUTO_1R&apos; to &apos;pow_generic_double_s_pow_reduce_anonymous_namespace_log_lut_table_ap_fixed_12fYi&apos; due to the length limit 80" resolution=""/>
	<Message severity="INFO" prefix="[SYN 201-210]" key="SYN_210_889" tag="" content="Renamed object name &apos;pow_generic_double_s_pow_reduce_anonymous_namespace_log_lut_table_ap_fixed_17_6_64_array_ROM_AUTO_1R&apos; to &apos;pow_generic_double_s_pow_reduce_anonymous_namespace_log_lut_table_ap_fixed_17g8j&apos; due to the length limit 80" resolution=""/>
	<Message severity="INFO" prefix="[SYN 201-210]" key="SYN_210_889" tag="" content="Renamed object name &apos;pow_generic_double_s_pow_reduce_anonymous_namespace_log_lut_table_ap_fixed_22_6_64_array_ROM_AUTO_1R&apos; to &apos;pow_generic_double_s_pow_reduce_anonymous_namespace_log_lut_table_ap_fixed_22hbi&apos; due to the length limit 80" resolution=""/>
	<Message severity="INFO" prefix="[SYN 201-210]" key="SYN_210_889" tag="" content="Renamed object name &apos;pow_generic_double_s_pow_reduce_anonymous_namespace_log_lut_table_ap_fixed_27_6_64_array_ROM_AUTO_1R&apos; to &apos;pow_generic_double_s_pow_reduce_anonymous_namespace_log_lut_table_ap_fixed_27ibs&apos; due to the length limit 80" resolution=""/>
	<Message severity="INFO" prefix="[SYN 201-210]" key="SYN_210_889" tag="" content="Renamed object name &apos;pow_generic_double_s_pow_reduce_anonymous_namespace_log_lut_table_ap_fixed_32_6_64_array_ROM_AUTO_1R&apos; to &apos;pow_generic_double_s_pow_reduce_anonymous_namespace_log_lut_table_ap_fixed_32jbC&apos; due to the length limit 80" resolution=""/>
	<Message severity="INFO" prefix="[SYN 201-210]" key="SYN_210_889" tag="" content="Renamed object name &apos;pow_generic_double_s_pow_reduce_anonymous_namespace_table_exp_Z1_ap_ufixed_array_ROM_AUTO_1R&apos; to &apos;pow_generic_double_s_pow_reduce_anonymous_namespace_table_exp_Z1_ap_ufixed_arkbM&apos; due to the length limit 80" resolution=""/>
	<Message severity="INFO" prefix="[SYN 201-210]" key="SYN_210_889" tag="" content="Renamed object name &apos;pow_generic_double_s_pow_reduce_anonymous_namespace_table_f_Z3_ap_ufixed_array_ROM_AUTO_1R&apos; to &apos;pow_generic_double_s_pow_reduce_anonymous_namespace_table_f_Z3_ap_ufixed_arralbW&apos; due to the length limit 80" resolution=""/>
	<Message severity="INFO" prefix="[SYN 201-210]" key="SYN_210_889" tag="" content="Renamed object name &apos;pow_generic_double_s_pow_reduce_anonymous_namespace_table_f_Z2_ap_ufixed_array_ROM_AUTO_1R&apos; to &apos;pow_generic_double_s_pow_reduce_anonymous_namespace_table_f_Z2_ap_ufixed_arramb6&apos; due to the length limit 80" resolution=""/>
	<Message severity="INFO" prefix="[HLS 200-1030]" key="HLS 200-1030" tag="" content="Apply Unified Pipeline Control on module &apos;pow_generic_double_s&apos; pipeline &apos;pow_generic&lt;double&gt;&apos; pipeline type &apos;function pipeline&apos;" resolution=""/>
	<Message severity="INFO" prefix="[RTGEN 206-104]" key="RTGEN_104_852" tag="" content="Estimated max fanout for &apos;pow_generic_double_s&apos; is 12733 from HDL expression: ((1&apos;b0 == ap_block_pp0_stage0_11001) &amp; (1&apos;b1 == ap_ce))" resolution=""/>
	<Message severity="INFO" prefix="[RTGEN 206-100]" key="RTGEN_100_855" tag="" content="Generating core module &apos;mac_muladd_16s_15ns_19s_31_4_1&apos;: 1 instance(s)." resolution=""/>
	<Message severity="INFO" prefix="[RTGEN 206-100]" key="RTGEN_100_855" tag="" content="Generating core module &apos;mul_12s_80ns_90_3_1&apos;: 1 instance(s)." resolution=""/>
	<Message severity="INFO" prefix="[RTGEN 206-100]" key="RTGEN_100_855" tag="" content="Generating core module &apos;mul_13s_71s_71_3_1&apos;: 1 instance(s)." resolution=""/>
	<Message severity="INFO" prefix="[RTGEN 206-100]" key="RTGEN_100_855" tag="" content="Generating core module &apos;mul_40ns_40ns_80_3_1&apos;: 1 instance(s)." resolution=""/>
	<Message severity="INFO" prefix="[RTGEN 206-100]" key="RTGEN_100_855" tag="" content="Generating core module &apos;mul_43ns_36ns_79_3_1&apos;: 1 instance(s)." resolution=""/>
	<Message severity="INFO" prefix="[RTGEN 206-100]" key="RTGEN_100_855" tag="" content="Generating core module &apos;mul_49ns_44ns_93_5_1&apos;: 1 instance(s)." resolution=""/>
	<Message severity="INFO" prefix="[RTGEN 206-100]" key="RTGEN_100_855" tag="" content="Generating core module &apos;mul_50ns_50ns_100_5_1&apos;: 1 instance(s)." resolution=""/>
	<Message severity="INFO" prefix="[RTGEN 206-100]" key="RTGEN_100_855" tag="" content="Generating core module &apos;mul_54s_6ns_54_5_1&apos;: 1 instance(s)." resolution=""/>
	<Message severity="INFO" prefix="[RTGEN 206-100]" key="RTGEN_100_855" tag="" content="Generating core module &apos;mul_71ns_4ns_75_3_1&apos;: 1 instance(s)." resolution=""/>
	<Message severity="INFO" prefix="[RTGEN 206-100]" key="RTGEN_100_855" tag="" content="Generating core module &apos;mul_73ns_6ns_79_3_1&apos;: 1 instance(s)." resolution=""/>
	<Message severity="INFO" prefix="[RTGEN 206-100]" key="RTGEN_100_855" tag="" content="Generating core module &apos;mul_77ns_6ns_83_3_1&apos;: 1 instance(s)." resolution=""/>
	<Message severity="INFO" prefix="[RTGEN 206-100]" key="RTGEN_100_855" tag="" content="Generating core module &apos;mul_82ns_6ns_88_3_1&apos;: 1 instance(s)." resolution=""/>
	<Message severity="INFO" prefix="[RTGEN 206-100]" key="RTGEN_100_855" tag="" content="Generating core module &apos;mul_83ns_6ns_89_3_1&apos;: 1 instance(s)." resolution=""/>
	<Message severity="INFO" prefix="[RTGEN 206-100]" key="RTGEN_100_855" tag="" content="Generating core module &apos;mul_87ns_6ns_93_3_1&apos;: 1 instance(s)." resolution=""/>
	<Message severity="INFO" prefix="[RTGEN 206-100]" key="RTGEN_100_855" tag="" content="Generating core module &apos;mul_92ns_6ns_98_3_1&apos;: 1 instance(s)." resolution=""/>
	<Message severity="INFO" prefix="[RTGEN 206-100]" key="RTGEN_100_856" tag="" content="Finished creating RTL model for &apos;pow_generic_double_s&apos;." resolution=""/>
	<Message severity="INFO" prefix="[RTMG 210-279]" key="RTMG_279_1793" tag="" content="Implementing memory &apos;ImageTransform_pow_generic_double_s_pow_reduce_anonymous_namespace_log_inverse_lut_table_powbkb&apos; using auto ROMs." resolution=""/>
	<Message severity="INFO" prefix="[RTMG 210-279]" key="RTMG_279_1793" tag="" content="Implementing memory &apos;ImageTransform_pow_generic_double_s_pow_reduce_anonymous_namespace_log0_lut_table_array_ROM_cud&apos; using auto ROMs." resolution=""/>
	<Message severity="INFO" prefix="[RTMG 210-279]" key="RTMG_279_1793" tag="" content="Implementing memory &apos;ImageTransform_pow_generic_double_s_pow_reduce_anonymous_namespace_log_lut_table_ap_fixed_4_dEe&apos; using auto ROMs." resolution=""/>
	<Message severity="INFO" prefix="[RTMG 210-279]" key="RTMG_279_1793" tag="" content="Implementing memory &apos;ImageTransform_pow_generic_double_s_pow_reduce_anonymous_namespace_log_lut_table_ap_fixed_7_eOg&apos; using auto ROMs." resolution=""/>
	<Message severity="INFO" prefix="[RTMG 210-279]" key="RTMG_279_1793" tag="" content="Implementing memory &apos;ImageTransform_pow_generic_double_s_pow_reduce_anonymous_namespace_log_lut_table_ap_fixed_12fYi&apos; using auto ROMs." resolution=""/>
	<Message severity="INFO" prefix="[RTMG 210-279]" key="RTMG_279_1793" tag="" content="Implementing memory &apos;ImageTransform_pow_generic_double_s_pow_reduce_anonymous_namespace_log_lut_table_ap_fixed_17g8j&apos; using auto ROMs." resolution=""/>
	<Message severity="INFO" prefix="[RTMG 210-279]" key="RTMG_279_1793" tag="" content="Implementing memory &apos;ImageTransform_pow_generic_double_s_pow_reduce_anonymous_namespace_log_lut_table_ap_fixed_22hbi&apos; using auto ROMs." resolution=""/>
	<Message severity="INFO" prefix="[RTMG 210-279]" key="RTMG_279_1793" tag="" content="Implementing memory &apos;ImageTransform_pow_generic_double_s_pow_reduce_anonymous_namespace_log_lut_table_ap_fixed_27ibs&apos; using auto ROMs." resolution=""/>
	<Message severity="INFO" prefix="[RTMG 210-279]" key="RTMG_279_1793" tag="" content="Implementing memory &apos;ImageTransform_pow_generic_double_s_pow_reduce_anonymous_namespace_log_lut_table_ap_fixed_32jbC&apos; using auto ROMs." resolution=""/>
	<Message severity="INFO" prefix="[RTMG 210-279]" key="RTMG_279_1793" tag="" content="Implementing memory &apos;ImageTransform_pow_generic_double_s_pow_reduce_anonymous_namespace_table_exp_Z1_ap_ufixed_arkbM&apos; using auto ROMs." resolution=""/>
	<Message severity="INFO" prefix="[RTMG 210-279]" key="RTMG_279_1793" tag="" content="Implementing memory &apos;ImageTransform_pow_generic_double_s_pow_reduce_anonymous_namespace_table_f_Z3_ap_ufixed_arralbW&apos; using auto ROMs." resolution=""/>
	<Message severity="INFO" prefix="[RTMG 210-279]" key="RTMG_279_1793" tag="" content="Implementing memory &apos;ImageTransform_pow_generic_double_s_pow_reduce_anonymous_namespace_table_f_Z2_ap_ufixed_arramb6&apos; using auto ROMs." resolution=""/>
	<Message severity="INFO" prefix="[HLS 200-111]" key="HLS_111_966" tag="RUNTIME" content="Finished Creating RTL model: CPU user time: 0 seconds. CPU system time: 0 seconds. Elapsed time: 1.118 seconds; current allocated memory: 226.812 MB." resolution=""/>
	<Message severity="INFO" prefix="[HLS 200-10]" key="HLS_10_1483" tag="" content="----------------------------------------------------------------" resolution=""/>
	<Message severity="INFO" prefix="[HLS 200-10]" key="HLS_10_1484" tag="" content="-- Generating RTL for module &apos;ImageTransform_Pipeline_VITIS_LOOP_63_7_VITIS_LOOP_64_8&apos;" resolution=""/>
	<Message severity="INFO" prefix="[HLS 200-10]" key="HLS_10_1485" tag="" content="----------------------------------------------------------------" resolution=""/>
	<Message severity="INFO" prefix="[HLS 200-1030]" key="HLS 200-1030" tag="" content="Apply Unified Pipeline Control on module &apos;ImageTransform_Pipeline_VITIS_LOOP_63_7_VITIS_LOOP_64_8&apos; pipeline &apos;VITIS_LOOP_63_7_VITIS_LOOP_64_8&apos; pipeline type &apos;loop pipeline&apos;" resolution=""/>
	<Message severity="INFO" prefix="[RTGEN 206-100]" key="RTGEN_100_856" tag="" content="Finished creating RTL model for &apos;ImageTransform_Pipeline_VITIS_LOOP_63_7_VITIS_LOOP_64_8&apos;." resolution=""/>
	<Message severity="INFO" prefix="[HLS 200-111]" key="HLS_111_966" tag="RUNTIME" content="Finished Creating RTL model: CPU user time: 0 seconds. CPU system time: 0 seconds. Elapsed time: 0.527 seconds; current allocated memory: 233.656 MB." resolution=""/>
	<Message severity="INFO" prefix="[HLS 200-10]" key="HLS_10_1483" tag="" content="----------------------------------------------------------------" resolution=""/>
	<Message severity="INFO" prefix="[HLS 200-10]" key="HLS_10_1484" tag="" content="-- Generating RTL for module &apos;ImageTransform_Pipeline_VITIS_LOOP_34_3_VITIS_LOOP_35_4&apos;" resolution=""/>
	<Message severity="INFO" prefix="[HLS 200-10]" key="HLS_10_1485" tag="" content="----------------------------------------------------------------" resolution=""/>
	<Message severity="INFO" prefix="[HLS 200-1030]" key="HLS 200-1030" tag="" content="Apply Unified Pipeline Control on module &apos;ImageTransform_Pipeline_VITIS_LOOP_34_3_VITIS_LOOP_35_4&apos; pipeline &apos;VITIS_LOOP_34_3_VITIS_LOOP_35_4&apos; pipeline type &apos;loop pipeline&apos;" resolution=""/>
	<Message severity="INFO" prefix="[RTGEN 206-100]" key="RTGEN_100_856" tag="" content="Finished creating RTL model for &apos;ImageTransform_Pipeline_VITIS_LOOP_34_3_VITIS_LOOP_35_4&apos;." resolution=""/>
	<Message severity="INFO" prefix="[HLS 200-111]" key="HLS_111_966" tag="RUNTIME" content="Finished Creating RTL model: CPU user time: 0 seconds. CPU system time: 0 seconds. Elapsed time: 0.183 seconds; current allocated memory: 235.238 MB." resolution=""/>
	<Message severity="INFO" prefix="[HLS 200-10]" key="HLS_10_1483" tag="" content="----------------------------------------------------------------" resolution=""/>
	<Message severity="INFO" prefix="[HLS 200-10]" key="HLS_10_1484" tag="" content="-- Generating RTL for module &apos;ImageTransform_Pipeline_VITIS_LOOP_52_5_VITIS_LOOP_53_6&apos;" resolution=""/>
	<Message severity="INFO" prefix="[HLS 200-10]" key="HLS_10_1485" tag="" content="----------------------------------------------------------------" resolution=""/>
	<Message severity="INFO" prefix="[HLS 200-1030]" key="HLS 200-1030" tag="" content="Apply Unified Pipeline Control on module &apos;ImageTransform_Pipeline_VITIS_LOOP_52_5_VITIS_LOOP_53_6&apos; pipeline &apos;VITIS_LOOP_52_5_VITIS_LOOP_53_6&apos; pipeline type &apos;loop pipeline&apos;" resolution=""/>
	<Message severity="INFO" prefix="[RTGEN 206-100]" key="RTGEN_100_856" tag="" content="Finished creating RTL model for &apos;ImageTransform_Pipeline_VITIS_LOOP_52_5_VITIS_LOOP_53_6&apos;." resolution=""/>
	<Message severity="INFO" prefix="[HLS 200-111]" key="HLS_111_966" tag="RUNTIME" content="Finished Creating RTL model: CPU user time: 0 seconds. CPU system time: 0 seconds. Elapsed time: 0.192 seconds; current allocated memory: 237.199 MB." resolution=""/>
	<Message severity="INFO" prefix="[HLS 200-10]" key="HLS_10_1483" tag="" content="----------------------------------------------------------------" resolution=""/>
	<Message severity="INFO" prefix="[HLS 200-10]" key="HLS_10_1484" tag="" content="-- Generating RTL for module &apos;ImageTransform&apos;" resolution=""/>
	<Message severity="INFO" prefix="[HLS 200-10]" key="HLS_10_1485" tag="" content="----------------------------------------------------------------" resolution=""/>
	<Message severity="WARNING" prefix="[RTGEN 206-101]" key="RTGEN_101_918" tag="" content="Design contains AXI ports. Reset is fixed to synchronous and active low." resolution=""/>
	<Message severity="INFO" prefix="[RTGEN 206-500]" key="PREPROC_IO_COMP_CONFLICT_1950" tag="" content="Setting interface mode on port &apos;ImageTransform/input_r&apos; to &apos;m_axi&apos;." resolution=""/>
	<Message severity="INFO" prefix="[RTGEN 206-500]" key="PREPROC_IO_COMP_CONFLICT_1950" tag="" content="Setting interface mode on port &apos;ImageTransform/output_r&apos; to &apos;m_axi&apos;." resolution=""/>
	<Message severity="INFO" prefix="[RTGEN 206-500]" key="PREPROC_IO_COMP_CONFLICT_1950" tag="" content="Setting interface mode on port &apos;ImageTransform/imageRGBA&apos; to &apos;s_axilite &amp; ap_none&apos;." resolution=""/>
	<Message severity="INFO" prefix="[RTGEN 206-500]" key="PREPROC_IO_COMP_CONFLICT_1950" tag="" content="Setting interface mode on port &apos;ImageTransform/output_r_offset&apos; to &apos;s_axilite &amp; ap_none&apos;." resolution=""/>
	<Message severity="INFO" prefix="[RTGEN 206-500]" key="PREPROC_IO_COMP_CONFLICT_1950" tag="" content="Setting interface mode on port &apos;ImageTransform/centerX&apos; to &apos;s_axilite &amp; ap_none&apos;." resolution=""/>
	<Message severity="INFO" prefix="[RTGEN 206-500]" key="PREPROC_IO_COMP_CONFLICT_1950" tag="" content="Setting interface mode on port &apos;ImageTransform/centerY&apos; to &apos;s_axilite &amp; ap_none&apos;." resolution=""/>
	<Message severity="INFO" prefix="[RTGEN 206-500]" key="PREPROC_IO_COMP_CONFLICT_1950" tag="" content="Setting interface mode on function &apos;ImageTransform&apos; to &apos;s_axilite &amp; ap_ctrl_hs&apos;." resolution=""/>
	<Message severity="INFO" prefix="[RTGEN 206-100]" key="RTGEN_100_851" tag="" content="Bundling port &apos;centerX&apos;, &apos;centerY&apos; to AXI-Lite port control." resolution=""/>
	<Message severity="INFO" prefix="[RTGEN 206-100]" key="RTGEN_100_851" tag="" content="Bundling port &apos;imageRGBA&apos; and &apos;output_r_offset&apos; to AXI-Lite port control_r." resolution=""/>
	<Message severity="INFO" prefix="[RTGEN 206-100]" key="RTGEN_100_855" tag="" content="Generating core module &apos;dadd_64ns_64ns_64_8_full_dsp_1&apos;: 1 instance(s)." resolution=""/>
	<Message severity="INFO" prefix="[RTGEN 206-100]" key="RTGEN_100_855" tag="" content="Generating core module &apos;dsqrt_64ns_64ns_64_57_no_dsp_1&apos;: 1 instance(s)." resolution=""/>
	<Message severity="INFO" prefix="[RTGEN 206-100]" key="RTGEN_100_855" tag="" content="Generating core module &apos;mac_muladd_6ns_6ns_21ns_21_4_1&apos;: 1 instance(s)." resolution=""/>
	<Message severity="INFO" prefix="[RTGEN 206-100]" key="RTGEN_100_855" tag="" content="Generating core module &apos;mul_11s_11s_22_1_1&apos;: 1 instance(s)." resolution=""/>
	<Message severity="INFO" prefix="[RTGEN 206-100]" key="RTGEN_100_855" tag="" content="Generating core module &apos;mul_64ns_64ns_128_3_1&apos;: 1 instance(s)." resolution=""/>
	<Message severity="INFO" prefix="[RTGEN 206-100]" key="RTGEN_100_855" tag="" content="Generating core module &apos;mul_6ns_16ns_21_1_1&apos;: 1 instance(s)." resolution=""/>
	<Message severity="INFO" prefix="[RTGEN 206-100]" key="RTGEN_100_855" tag="" content="Generating core module &apos;sdiv_32ns_22s_8_36_seq_1&apos;: 3 instance(s)." resolution=""/>
	<Message severity="INFO" prefix="[RTGEN 206-100]" key="RTGEN_100_855" tag="" content="Generating core module &apos;sitodp_32ns_64_7_no_dsp_1&apos;: 2 instance(s)." resolution=""/>
	<Message severity="INFO" prefix="[RTGEN 206-100]" key="RTGEN_100_856" tag="" content="Finished creating RTL model for &apos;ImageTransform&apos;." resolution=""/>
	<Message severity="INFO" prefix="[HLS 200-111]" key="HLS_111_966" tag="RUNTIME" content="Finished Creating RTL model: CPU user time: 0 seconds. CPU system time: 0 seconds. Elapsed time: 0.855 seconds; current allocated memory: 244.398 MB." resolution=""/>
	<Message severity="INFO" prefix="[HLS 200-111]" key="HLS_111_966" tag="RUNTIME" content="Finished Generating all RTL models: CPU user time: 0 seconds. CPU system time: 0 seconds. Elapsed time: 1.718 seconds; current allocated memory: 251.879 MB." resolution=""/>
	<Message severity="INFO" prefix="[HLS 200-1603]" key="HLS 200-1603" tag="VITIS_INTERFACE" content="Design has inferred MAXI bursts and missed bursts, see Vitis HLS GUI synthesis summary report for detailed information." resolution=""/>
	<Message severity="INFO" prefix="[HLS 200-111]" key="HLS_111_966" tag="RUNTIME" content="Finished Updating report files: CPU user time: 1 seconds. CPU system time: 0 seconds. Elapsed time: 1.373 seconds; current allocated memory: 263.469 MB." resolution=""/>
	<Message severity="INFO" prefix="[VHDL 208-304]" key="VHDL_304_1066" tag="" content="Generating VHDL RTL for ImageTransform." resolution=""/>
	<Message severity="INFO" prefix="[VLOG 209-307]" key="VLOG_307_1067" tag="" content="Generating Verilog RTL for ImageTransform." resolution=""/>
	<Message severity="INFO" prefix="[HLS 200-790]" key="HLS 200-790" tag="LOOP,VITIS_KERNEL" content="**** Loop Constraint Status: All loop constraints were NOT satisfied." resolution=""/>
	<Message severity="INFO" prefix="[HLS 200-789]" key="HLS 200-789" tag="THROUGHPUT,VITIS_KERNEL" content="**** Estimated Fmax: 155.23 MHz" resolution=""/>
	<Message severity="INFO" prefix="[HLS 200-111]" key="HLS_111_966" tag="RUNTIME" content="Finished Command csynth_design CPU user time: 2 seconds. CPU system time: 0 seconds. Elapsed time: 20.948 seconds; current allocated memory: 148.441 MB." resolution=""/>
</Messages>
