<VitisHLS:BurstInfo>
    <burst group="BURST_VERBOSE_PASSED" fe_name="BurstInferredPassed" src_info="HLS_examen/sources/hls_examen.c:35:38" msg_id="214-116" msg_severity="INFO" msg_body="Sequential read of length 3 has been inferred" BundleName="input" VarName="imageRGBA" LoopLoc="HLS_examen/sources/hls_examen.c:35:38" LoopName="VITIS_LOOP_35_4" ParentFunc="ImageTransform" Length="3" Direction="read" AccessID="scevgepseq" OrigID="islist for.inc.load.8 for.inc.load.14 for.inc.load.20" OrigAccess-DebugLoc="isList HLS_examen/sources/hls_examen.c:37:33 HLS_examen/sources/hls_examen.c:38:33 HLS_examen/sources/hls_examen.c:39:33" OrigDirection="islist read read read"/>
    <burst group="BURST_VERBOSE_PASSED" fe_name="BurstInferredPassed" src_info="HLS_examen/sources/hls_examen.c:53:38" msg_id="214-116" msg_severity="INFO" msg_body="Sequential write of length 3 has been inferred" BundleName="output" VarName="output" LoopLoc="HLS_examen/sources/hls_examen.c:53:38" LoopName="VITIS_LOOP_53_6" ParentFunc="ImageTransform" Length="3" Direction="write" AccessID="scevgep25seq" OrigID="islist for.inc84.store.3 for.inc84.store.6 for.inc84.store.9" OrigAccess-DebugLoc="isList HLS_examen/sources/hls_examen.c:55:44 HLS_examen/sources/hls_examen.c:56:48 HLS_examen/sources/hls_examen.c:57:48" OrigDirection="islist write write write"/>
    <burst group="BURST_VERBOSE_PASSED" fe_name="BurstInferredPassed" src_info="HLS_examen/sources/hls_examen.c:64:38" msg_id="214-116" msg_severity="INFO" msg_body="Sequential read of length 3 has been inferred" BundleName="input" VarName="imageRGBA" LoopLoc="HLS_examen/sources/hls_examen.c:64:38" LoopName="VITIS_LOOP_64_8" ParentFunc="ImageTransform" Length="3" Direction="read" AccessID="scevgep30seq" OrigID="islist for.inc132.load.8 for.inc132.load.13 for.inc132.load.18" OrigAccess-DebugLoc="isList HLS_examen/sources/hls_examen.c:66:46 HLS_examen/sources/hls_examen.c:67:50 HLS_examen/sources/hls_examen.c:68:50" OrigDirection="islist read read read"/>
    <burst group="BURST_VERBOSE_PASSED" fe_name="BurstInferredPassed" src_info="HLS_examen/sources/hls_examen.c:64:38" msg_id="214-116" msg_severity="INFO" msg_body="Sequential write of length 3 has been inferred" BundleName="output" VarName="output" LoopLoc="HLS_examen/sources/hls_examen.c:64:38" LoopName="VITIS_LOOP_64_8" ParentFunc="ImageTransform" Length="3" Direction="write" AccessID="scevgep31seq" OrigID="islist for.inc132.store.10 for.inc132.store.15 for.inc132.store.20" OrigAccess-DebugLoc="isList HLS_examen/sources/hls_examen.c:66:44 HLS_examen/sources/hls_examen.c:67:48 HLS_examen/sources/hls_examen.c:68:48" OrigDirection="islist write write write"/>
    <burst group="BURST_VERBOSE_MISSED" fe_name="CouldNotAnalyzeBoundsPatternMissed" src_info="HLS_examen/sources/hls_examen.c:35:38" msg_id="214-252" msg_severity="INFO" msg_body="Could not analyze the loop bounds" resolution="214-252" LoopLoc="HLS_examen/sources/hls_examen.c:35:38" LoopName="VITIS_LOOP_35_4" ParentFunc="ImageTransform"/>
    <burst group="BURST_VERBOSE_MISSED" fe_name="CouldNotAnalyzeBoundsPatternMissed" src_info="HLS_examen/sources/hls_examen.c:34:34" msg_id="214-252" msg_severity="INFO" msg_body="Could not analyze the loop bounds" resolution="214-252" LoopLoc="HLS_examen/sources/hls_examen.c:34:34" LoopName="VITIS_LOOP_34_3" ParentFunc="ImageTransform"/>
    <burst group="BURST_VERBOSE_MISSED" fe_name="CouldNotAnalyzeBoundsPatternMissed" src_info="HLS_examen/sources/hls_examen.c:53:38" msg_id="214-252" msg_severity="INFO" msg_body="Could not analyze the loop bounds" resolution="214-252" LoopLoc="HLS_examen/sources/hls_examen.c:53:38" LoopName="VITIS_LOOP_53_6" ParentFunc="ImageTransform"/>
    <burst group="BURST_VERBOSE_MISSED" fe_name="CouldNotAnalyzeBoundsPatternMissed" src_info="HLS_examen/sources/hls_examen.c:52:34" msg_id="214-252" msg_severity="INFO" msg_body="Could not analyze the loop bounds" resolution="214-252" LoopLoc="HLS_examen/sources/hls_examen.c:52:34" LoopName="VITIS_LOOP_52_5" ParentFunc="ImageTransform"/>
    <burst group="BURST_VERBOSE_MISSED" fe_name="CouldNotAnalyzeBoundsPatternMissed" src_info="HLS_examen/sources/hls_examen.c:64:38" msg_id="214-252" msg_severity="INFO" msg_body="Could not analyze the loop bounds" resolution="214-252" LoopLoc="HLS_examen/sources/hls_examen.c:64:38" LoopName="VITIS_LOOP_64_8" ParentFunc="ImageTransform"/>
    <burst group="BURST_VERBOSE_MISSED" fe_name="CouldNotAnalyzeBoundsPatternMissed" src_info="HLS_examen/sources/hls_examen.c:63:34" msg_id="214-252" msg_severity="INFO" msg_body="Could not analyze the loop bounds" resolution="214-252" LoopLoc="HLS_examen/sources/hls_examen.c:63:34" LoopName="VITIS_LOOP_63_7" ParentFunc="ImageTransform"/>
    <burst group="BURST_VERBOSE_WIDEN_MISSED" fe_name="GreaterOrEqualThresholdMissed" src_info="HLS_examen/sources/hls_examen.c:37:33" msg_id="214-353" msg_severity="INFO" msg_body="Could not widen since type i8 size is greater than or equal to the max_widen_bitwidth threshold of 0" resolution="214-353" BundleName="input" VarName="imageRGBA" ParentFunc="ImageTransform" OrigID="scevgepseq" OrigAccess-DebugLoc="HLS_examen/sources/hls_examen.c:37:33" OrigDirection="read"/>
    <burst group="BURST_VERBOSE_WIDEN_MISSED" fe_name="GreaterOrEqualThresholdMissed" src_info="HLS_examen/sources/hls_examen.c:53:91" msg_id="214-353" msg_severity="INFO" msg_body="Could not widen since type i8 size is greater than or equal to the max_widen_bitwidth threshold of 0" resolution="214-353" BundleName="output" VarName="output" ParentFunc="ImageTransform" OrigID="scevgep25seq" OrigAccess-DebugLoc="HLS_examen/sources/hls_examen.c:53:91" OrigDirection="write"/>
    <burst group="BURST_VERBOSE_WIDEN_MISSED" fe_name="GreaterOrEqualThresholdMissed" src_info="HLS_examen/sources/hls_examen.c:66:46" msg_id="214-353" msg_severity="INFO" msg_body="Could not widen since type i8 size is greater than or equal to the max_widen_bitwidth threshold of 0" resolution="214-353" BundleName="input" VarName="imageRGBA" ParentFunc="ImageTransform" OrigID="scevgep30seq" OrigAccess-DebugLoc="HLS_examen/sources/hls_examen.c:66:46" OrigDirection="read"/>
    <burst group="BURST_VERBOSE_WIDEN_MISSED" fe_name="GreaterOrEqualThresholdMissed" src_info="HLS_examen/sources/hls_examen.c:64:91" msg_id="214-353" msg_severity="INFO" msg_body="Could not widen since type i8 size is greater than or equal to the max_widen_bitwidth threshold of 0" resolution="214-353" BundleName="output" VarName="output" ParentFunc="ImageTransform" OrigID="scevgep31seq" OrigAccess-DebugLoc="HLS_examen/sources/hls_examen.c:64:91" OrigDirection="write"/>
    <burst group="BURST_SUMMARY" fe_name="BurstInferredSummaryPassed" src_info="HLS_examen/sources/hls_examen.c:37:33" msg_id="214-115" msg_severity="INFO" msg_body="Multiple burst reads of length 3 and bit width 8 has been inferred on bundle 'input_r'. These burst requests might be further partitioned into multiple requests during RTL generation, based on max_read_burst_length or max_write_burst_length settings." BundleName="input_r" Length="3" Width="8" Direction="read"/>
    <burst group="BURST_SUMMARY" fe_name="BurstInferredSummaryPassed" src_info="HLS_examen/sources/hls_examen.c:53:91" msg_id="214-115" msg_severity="INFO" msg_body="Multiple burst writes of length 3 and bit width 8 has been inferred on bundle 'output_r'. These burst requests might be further partitioned into multiple requests during RTL generation, based on max_read_burst_length or max_write_burst_length settings." BundleName="output_r" Length="3" Width="8" Direction="write"/>
    <burst group="BURST_SUMMARY" fe_name="BurstInferredSummaryPassed" src_info="HLS_examen/sources/hls_examen.c:66:46" msg_id="214-115" msg_severity="INFO" msg_body="Multiple burst reads of length 3 and bit width 8 has been inferred on bundle 'input_r'. These burst requests might be further partitioned into multiple requests during RTL generation, based on max_read_burst_length or max_write_burst_length settings." BundleName="input_r" Length="3" Width="8" Direction="read"/>
    <burst group="BURST_SUMMARY" fe_name="BurstInferredSummaryPassed" src_info="HLS_examen/sources/hls_examen.c:64:91" msg_id="214-115" msg_severity="INFO" msg_body="Multiple burst writes of length 3 and bit width 8 has been inferred on bundle 'output_r'. These burst requests might be further partitioned into multiple requests during RTL generation, based on max_read_burst_length or max_write_burst_length settings." BundleName="output_r" Length="3" Width="8" Direction="write"/>
</VitisHLS:BurstInfo>

