{
    "0": {
        "name": "ImageTransform",
        "file": "hls_examen.c",
        "fileloc": "8",
        "instructions": "184",
        "total_instructions": "1245",
        "calls": "4 4 4 2 1 3",
        "basicblocks": "7",
        "loads": {
            "L": "12"
        },
        "stores": {
            "L": "18"
        },
        "loops": {
            "L": "1"
        }
    },
    "1": {
        "name": "ImageTransform_Pipeline_VITIS_LOOP_52_5_VITIS_LOOP_53_6",
        "file": "HLS_examen\/sources\/hls_examen.c",
        "fileloc": "52",
        "instructions": "50",
        "total_instructions": "50",
        "calls": "",
        "basicblocks": "4",
        "loads": {
            "L": "3"
        },
        "stores": {
            "L": "6"
        },
        "loops": {
            "L": "1"
        }
    },
    "2": {
        "name": "ImageTransform_Pipeline_VITIS_LOOP_34_3_VITIS_LOOP_35_4",
        "file": "HLS_examen\/sources\/hls_examen.c",
        "fileloc": "31",
        "instructions": "70",
        "total_instructions": "70",
        "calls": "",
        "basicblocks": "4",
        "loads": {
            "L": "9"
        },
        "stores": {
            "L": "12"
        },
        "loops": {
            "L": "1"
        }
    },
    "3": {
        "name": "ImageTransform_Pipeline_VITIS_LOOP_63_7_VITIS_LOOP_64_8",
        "file": "HLS_examen\/sources\/hls_examen.c",
        "fileloc": "63",
        "instructions": "56",
        "total_instructions": "56",
        "calls": "",
        "basicblocks": "4",
        "loads": {
            "L": "3"
        },
        "stores": {
            "L": "6"
        },
        "loops": {
            "L": "1"
        }
    },
    "4": {
        "name": "pow_generic<double>",
        "file": "hls_pow.h",
        "fileloc": "291",
        "instructions": "295",
        "total_instructions": "295",
        "calls": "",
        "basicblocks": "1",
        "loads": {
            "G": "13"
        }
    }
}
