{
  "0": {
    "basicblocks": 26,
    "calls": "2 2",
    "file": "hls_examen.c",
    "fileloc": 8,
    "instructions": 200,
    "loads": {
      "L": 4,
      "T": 6
    },
    "name": "ImageTransform",
    "stores": {
      "L": 4,
      "T": 6
    },
    "total_instructions": 2152
  },
  "1": {
    "basicblocks": 15,
    "calls": "",
    "file": "hls_pow.h",
    "fileloc": 186,
    "instructions": 354,
    "loads": {
      "G": 7,
      "L": 29
    },
    "name": "log_range_reduction<71>",
    "stores": {
      "L": 42
    },
    "total_instructions": 354
  },
  "2": {
    "basicblocks": 33,
    "calls": "3 3 3 3 3 1 3 3 3 3",
    "file": "hls_pow.h",
    "fileloc": 291,
    "instructions": 487,
    "loads": {
      "G": 6,
      "L": 17
    },
    "name": "pow_generic<double>",
    "stores": {
      "L": 34
    },
    "total_instructions": 976
  },
  "3": {
    "basicblocks": 1,
    "calls": "",
    "file": "x_hls_utils.h",
    "fileloc": 509,
    "instructions": 15,
    "loads": {
      "L": 4
    },
    "name": "to_ieee",
    "stores": {
      "L": 1
    },
    "total_instructions": 15
  }
}