{
  "0": {
    "basicblocks": 26,
    "calls": "2 2",
    "file": "hls_examen.c",
    "fileloc": 8,
    "instructions": 170,
    "loads": {
      "T": 6
    },
    "name": "ImageTransform",
    "stores": {
      "T": 6
    },
    "total_instructions": 1366
  },
  "1": {
    "basicblocks": 15,
    "calls": "",
    "file": "hls_pow.h",
    "fileloc": 186,
    "instructions": 251,
    "loads": {
      "G": 7,
      "L": 2
    },
    "name": "log_range_reduction<71>",
    "stores": {
      "L": 15
    },
    "total_instructions": 251
  },
  "2": {
    "basicblocks": 22,
    "calls": "3 3 3 3 3 1 3 3 3 3",
    "file": "hls_pow.h",
    "fileloc": 291,
    "instructions": 275,
    "loads": {
      "G": 6,
      "L": 2
    },
    "name": "pow_generic<double>",
    "stores": {
      "L": 16
    },
    "total_instructions": 598
  },
  "3": {
    "basicblocks": 1,
    "calls": "",
    "file": "x_hls_utils.h",
    "fileloc": 509,
    "instructions": 8,
    "loads": {
      "L": 3
    },
    "name": "to_ieee",
    "total_instructions": 8
  }
}