{
  "0": {
    "basicblocks": 28,
    "calls": "3 3",
    "file": "hls_examen.c",
    "fileloc": 8,
    "instructions": 212,
    "name": "ImageTransform",
    "total_instructions": 1304
  },
  "1": {
    "basicblocks": 1,
    "calls": "",
    "file": "x_hls_utils.h",
    "fileloc": 509,
    "instructions": 5,
    "name": "to_ieee",
    "total_instructions": 5
  },
  "2": {
    "basicblocks": 15,
    "calls": "",
    "file": "hls_pow.h",
    "fileloc": 186,
    "instructions": 250,
    "loads": {
      "G": 7,
      "L": 1
    },
    "name": "log_range_reduction<71>",
    "stores": {
      "L": 15
    },
    "total_instructions": 250
  },
  "3": {
    "basicblocks": 22,
    "calls": "1 1 1 1 1 2 1 1 1 1",
    "file": "hls_pow.h",
    "fileloc": 291,
    "instructions": 251,
    "loads": {
      "G": 6,
      "L": 2
    },
    "name": "pow_generic<double>",
    "stores": {
      "L": 1
    },
    "total_instructions": 546
  }
}