{
  "0": {
    "basicblocks": 64,
    "calls": "34 34 43",
    "file": "hls_examen.c",
    "fileloc": 8,
    "instructions": 195,
    "loads": {
      "T": 6
    },
    "name": "ImageTransform",
    "stores": {
      "T": 6
    },
    "total_instructions": 55235
  },
  "1": {
    "basicblocks": 1,
    "calls": "",
    "file": "hls_pow_tables.h",
    "fileloc": 679,
    "instructions": 65,
    "name": "__cxx_global_var_init.341",
    "total_instructions": 1089
  },
  "10": {
    "basicblocks": 71,
    "calls": "19 19 35 39 39 40 41 41 40 21 21 21 21 21 25 3 21 21 21 21",
    "file": "hls_pow.h",
    "fileloc": 291,
    "instructions": 1064,
    "loads": {
      "G": 3,
      "L": 23
    },
    "name": "pow_generic<double>",
    "stores": {
      "L": 26
    },
    "total_instructions": 26468
  },
  "11": {
    "basicblocks": 1,
    "calls": "",
    "file": "hls_pow_tables.h",
    "fileloc": 2420,
    "instructions": 33,
    "name": "__cxx_global_var_init.1268",
    "total_instructions": 545
  },
  "12": {
    "basicblocks": 1,
    "calls": "18 14 6",
    "file": "powdouble.pp.cpp",
    "fileloc": 0,
    "instructions": 4,
    "name": "",
    "total_instructions": 6535
  },
  "13": {
    "basicblocks": 1,
    "calls": "",
    "file": "hls_pow_tables.h",
    "fileloc": 529,
    "instructions": 65,
    "name": "__cxx_global_var_init.213",
    "total_instructions": 1089
  },
  "14": {
    "basicblocks": 1,
    "calls": "",
    "file": "hls_pow_tables.h",
    "fileloc": 1041,
    "instructions": 65,
    "name": "__cxx_global_var_init.474",
    "total_instructions": 1089
  },
  "15": {
    "basicblocks": 1,
    "calls": "",
    "file": "hls_pow_tables.h",
    "fileloc": 379,
    "instructions": 65,
    "name": "__cxx_global_var_init.148",
    "total_instructions": 1089
  },
  "16": {
    "basicblocks": 1,
    "calls": "",
    "file": "hls_pow_tables.h",
    "fileloc": 160,
    "instructions": 65,
    "name": "__cxx_global_var_init.82",
    "total_instructions": 1089
  },
  "17": {
    "basicblocks": 1,
    "calls": "",
    "file": "hls_pow_tables.h",
    "fileloc": 307,
    "instructions": 65,
    "name": "__cxx_global_var_init.84",
    "total_instructions": 1089
  },
  "18": {
    "basicblocks": 1,
    "calls": "",
    "file": "hls_pow_tables.h",
    "fileloc": 940,
    "instructions": 65,
    "name": "__cxx_global_var_init.451",
    "total_instructions": 1089
  },
  "19": {
    "basicblocks": 1,
    "calls": "",
    "file": "x_hls_utils.h",
    "fileloc": 456,
    "instructions": 55,
    "loads": {
      "L": 1
    },
    "name": "fp_struct",
    "stores": {
      "L": 1
    },
    "total_instructions": 312
  },
  "2": {
    "basicblocks": 1,
    "calls": "",
    "file": "hls_pow_tables.h",
    "fileloc": 454,
    "instructions": 65,
    "name": "__cxx_global_var_init.149",
    "total_instructions": 1089
  },
  "20": {
    "basicblocks": 1,
    "calls": "",
    "file": "hls_pow_tables.h",
    "fileloc": 2459,
    "instructions": 257,
    "name": "__cxx_global_var_init.1300",
    "total_instructions": 4353
  },
  "21": {
    "basicblocks": 1,
    "calls": "33",
    "file": "x_hls_utils.h",
    "fileloc": 509,
    "instructions": 2,
    "name": "to_ieee",
    "total_instructions": 294
  },
  "22": {
    "basicblocks": 1,
    "calls": "",
    "file": "hls_pow_tables.h",
    "fileloc": 604,
    "instructions": 65,
    "name": "__cxx_global_var_init.277",
    "total_instructions": 1089
  },
  "23": {
    "basicblocks": 1,
    "calls": "",
    "file": "hls_pow_tables.h",
    "fileloc": 2726,
    "instructions": 257,
    "name": "__cxx_global_var_init.1556",
    "total_instructions": 4353
  },
  "24": {
    "basicblocks": 1,
    "calls": "",
    "file": "hls_pow_tables.h",
    "fileloc": 39,
    "instructions": 17,
    "name": "__cxx_global_var_init.16",
    "total_instructions": 273
  },
  "25": {
    "basicblocks": 1,
    "calls": "28 31 36 32 30 37 38",
    "file": "hls_pow.h",
    "fileloc": 186,
    "instructions": 85,
    "loads": {
      "L": 7
    },
    "name": "log_range_reduction<71>",
    "stores": {
      "L": 7
    },
    "total_instructions": 10039
  },
  "26": {
    "basicblocks": 16,
    "calls": "19 29 39 39 27 27",
    "file": "hls_case_IEEE754.h",
    "fileloc": 12,
    "instructions": 133,
    "loads": {
      "L": 1
    },
    "name": "generic_cast_IEEE754<int, AP_TRN_ZERO, double>",
    "stores": {
      "L": 1
    },
    "total_instructions": 2096
  },
  "27": {
    "basicblocks": 1,
    "calls": "",
    "file": "x_hls_utils.h",
    "fileloc": 512,
    "instructions": 4,
    "name": "__signbit",
    "total_instructions": 9
  },
  "28": {
    "basicblocks": 1,
    "calls": "",
    "file": "hls_pow.h",
    "fileloc": 30,
    "instructions": 102,
    "loads": {
      "G": 1,
      "L": 1
    },
    "name": "log_range_reduce<ap_fixed<121, 12, AP_TRN, AP_WRAP, 0>, 4, 4, 71, 73>",
    "stores": {
      "L": 2
    },
    "total_instructions": 1239
  },
  "29": {
    "basicblocks": 1,
    "calls": "",
    "file": "x_hls_utils.h",
    "fileloc": 503,
    "instructions": 24,
    "name": "mantissa",
    "total_instructions": 179
  },
  "3": {
    "basicblocks": 1,
    "calls": "",
    "file": "hls_pow.h",
    "fileloc": 224,
    "instructions": 224,
    "name": "exp_Z1P_m_1",
    "total_instructions": 2685
  },
  "30": {
    "basicblocks": 1,
    "calls": "",
    "file": "hls_pow.h",
    "fileloc": 30,
    "instructions": 89,
    "loads": {
      "G": 1,
      "L": 1
    },
    "name": "log_range_reduce<ap_fixed<121, 12, AP_TRN, AP_WRAP, 0>, 22, 6, 87, 82>",
    "stores": {
      "L": 2
    },
    "total_instructions": 1219
  },
  "31": {
    "basicblocks": 1,
    "calls": "",
    "file": "hls_pow.h",
    "fileloc": 30,
    "instructions": 89,
    "loads": {
      "G": 1,
      "L": 1
    },
    "name": "log_range_reduce<ap_fixed<121, 12, AP_TRN, AP_WRAP, 0>, 7, 6, 73, 83>",
    "stores": {
      "L": 2
    },
    "total_instructions": 1210
  },
  "32": {
    "basicblocks": 1,
    "calls": "",
    "file": "hls_pow.h",
    "fileloc": 30,
    "instructions": 89,
    "loads": {
      "G": 1,
      "L": 1
    },
    "name": "log_range_reduce<ap_fixed<121, 12, AP_TRN, AP_WRAP, 0>, 17, 6, 92, 87>",
    "stores": {
      "L": 2
    },
    "total_instructions": 1219
  },
  "33": {
    "basicblocks": 1,
    "calls": "42",
    "file": "x_hls_utils.h",
    "fileloc": 494,
    "instructions": 14,
    "loads": {
      "L": 1
    },
    "name": "to_double",
    "stores": {
      "L": 1
    },
    "total_instructions": 292
  },
  "34": {
    "basicblocks": 1,
    "calls": "10",
    "file": "powdouble.cpp",
    "fileloc": 6,
    "instructions": 2,
    "name": "pow",
    "total_instructions": 26470
  },
  "35": {
    "basicblocks": 1,
    "calls": "",
    "file": "x_hls_utils.h",
    "fileloc": 454,
    "instructions": 4,
    "name": "fp_struct",
    "total_instructions": 4
  },
  "36": {
    "basicblocks": 1,
    "calls": "",
    "file": "hls_pow.h",
    "fileloc": 30,
    "instructions": 89,
    "loads": {
      "G": 1,
      "L": 1
    },
    "name": "log_range_reduce<ap_fixed<121, 12, AP_TRN, AP_WRAP, 0>, 12, 6, 83, 92>",
    "stores": {
      "L": 2
    },
    "total_instructions": 1215
  },
  "37": {
    "basicblocks": 1,
    "calls": "",
    "file": "hls_pow.h",
    "fileloc": 30,
    "instructions": 89,
    "loads": {
      "G": 1,
      "L": 1
    },
    "name": "log_range_reduce<ap_fixed<121, 12, AP_TRN, AP_WRAP, 0>, 27, 6, 82, 77>",
    "stores": {
      "L": 2
    },
    "total_instructions": 1219
  },
  "38": {
    "basicblocks": 1,
    "calls": "",
    "file": "hls_pow.h",
    "fileloc": 30,
    "instructions": 89,
    "loads": {
      "G": 1,
      "L": 1
    },
    "name": "log_range_reduce<ap_fixed<121, 12, AP_TRN, AP_WRAP, 0>, 32, 6, 77, 72>",
    "stores": {
      "L": 2
    },
    "total_instructions": 1219
  },
  "39": {
    "basicblocks": 1,
    "calls": "",
    "file": "x_hls_utils.h",
    "fileloc": 485,
    "instructions": 8,
    "name": "expv",
    "total_instructions": 109
  },
  "4": {
    "basicblocks": 1,
    "calls": "",
    "file": "hls_pow_tables.h",
    "fileloc": 232,
    "instructions": 65,
    "name": "__cxx_global_var_init.83",
    "total_instructions": 1089
  },
  "40": {
    "basicblocks": 3,
    "calls": "19",
    "file": "hls_isinf.h",
    "fileloc": 16,
    "instructions": 18,
    "name": "generic_isinf<double>",
    "total_instructions": 382
  },
  "41": {
    "basicblocks": 3,
    "calls": "19",
    "file": "hls_isnan.h",
    "fileloc": 16,
    "instructions": 18,
    "name": "generic_isnan<double>",
    "total_instructions": 383
  },
  "42": {
    "basicblocks": 1,
    "calls": "",
    "file": "x_hls_utils.h",
    "fileloc": 475,
    "instructions": 32,
    "name": "data",
    "total_instructions": 274
  },
  "43": {
    "basicblocks": 1,
    "calls": "44",
    "file": "lib_floatconversion.cpp",
    "fileloc": 55,
    "instructions": 2,
    "name": "__hls_fptosi_double_i32",
    "total_instructions": 2100
  },
  "44": {
    "basicblocks": 1,
    "calls": "26",
    "file": "hls_case_IEEE754.h",
    "fileloc": 116,
    "instructions": 2,
    "name": "generic_cast_IEEE754<int, double>",
    "total_instructions": 2098
  },
  "5": {
    "basicblocks": 1,
    "calls": "",
    "file": "hls_pow_tables.h",
    "fileloc": 16,
    "instructions": 17,
    "name": "__cxx_global_var_init",
    "total_instructions": 273
  },
  "6": {
    "basicblocks": 1,
    "calls": "",
    "file": "hls_pow_tables.h",
    "fileloc": 2153,
    "instructions": 257,
    "name": "__cxx_global_var_init.1011",
    "total_instructions": 4353
  },
  "7": {
    "basicblocks": 1,
    "calls": "",
    "file": "hls_pow_tables.h",
    "fileloc": 88,
    "instructions": 65,
    "name": "__cxx_global_var_init.18",
    "total_instructions": 1089
  },
  "8": {
    "basicblocks": 1,
    "calls": "5 24 9 7 16 4 17 15 2 13 22 1 11 20 23",
    "file": "rootndouble.pp.cpp",
    "fileloc": 0,
    "instructions": 16,
    "name": "",
    "total_instructions": 19887
  },
  "9": {
    "basicblocks": 1,
    "calls": "",
    "file": "hls_pow_tables.h",
    "fileloc": 62,
    "instructions": 17,
    "name": "__cxx_global_var_init.17",
    "total_instructions": 273
  }
}