<?xml version="1.0" encoding="utf-8"?>
<BindInfo>
	<BindNode BINDTYPE="op" DISPLAY="bind_op add" ID="" IMPL="fabric" LATENCY="0" OPTYPE="add" PRAGMA="" RTLNAME="b_exp_fu_634_p2" SOURCE="C:\scratch\2023.2\hls_product\689\2023.2\src\shared\hls\clib/src/hls\utils/x_hls_utils.h:486" VARIABLE="b_exp" MODULE="pow_generic_double_s" LOOP="" BUNDLEDNAME="" DSP="0" BRAM="0" URAM="0" USAGE="" STORAGESUBTYPE="" STORAGESIZE=""/>
	<BindNode BINDTYPE="op" DISPLAY="bind_op icmp" ID="" IMPL="auto" LATENCY="0" OPTYPE="icmp" PRAGMA="" RTLNAME="icmp_ln340_fu_640_p2" SOURCE="C:\scratch\2023.2\hls_product\689\2023.2\src\shared\hls\clib/hlsmath/include/FloatingPoint\hls_pow.h:340" VARIABLE="icmp_ln340" MODULE="pow_generic_double_s" LOOP="" BUNDLEDNAME="" DSP="0" BRAM="0" URAM="0" USAGE="" STORAGESUBTYPE="" STORAGESIZE=""/>
	<BindNode BINDTYPE="op" DISPLAY="bind_op icmp" ID="" IMPL="auto" LATENCY="0" OPTYPE="icmp" PRAGMA="" RTLNAME="icmp_ln340_1_fu_646_p2" SOURCE="C:\scratch\2023.2\hls_product\689\2023.2\src\shared\hls\clib/hlsmath/include/FloatingPoint\hls_pow.h:340" VARIABLE="icmp_ln340_1" MODULE="pow_generic_double_s" LOOP="" BUNDLEDNAME="" DSP="0" BRAM="0" URAM="0" USAGE="" STORAGESUBTYPE="" STORAGESIZE=""/>
	<BindNode BINDTYPE="op" DISPLAY="bind_op and" ID="" IMPL="auto" LATENCY="0" OPTYPE="and" PRAGMA="" RTLNAME="x_is_1_fu_652_p2" SOURCE="C:\scratch\2023.2\hls_product\689\2023.2\src\shared\hls\clib/hlsmath/include/FloatingPoint\hls_pow.h:340" VARIABLE="x_is_1" MODULE="pow_generic_double_s" LOOP="" BUNDLEDNAME="" DSP="0" BRAM="0" URAM="0" USAGE="" STORAGESUBTYPE="" STORAGESIZE=""/>
	<BindNode BINDTYPE="op" DISPLAY="bind_op xor" ID="" IMPL="auto" LATENCY="0" OPTYPE="xor" PRAGMA="" RTLNAME="xor_ln341_fu_666_p2" SOURCE="C:\scratch\2023.2\hls_product\689\2023.2\src\shared\hls\clib/hlsmath/include/FloatingPoint\hls_pow.h:341" VARIABLE="xor_ln341" MODULE="pow_generic_double_s" LOOP="" BUNDLEDNAME="" DSP="0" BRAM="0" URAM="0" USAGE="" STORAGESUBTYPE="" STORAGESIZE=""/>
	<BindNode BINDTYPE="op" DISPLAY="bind_op and" ID="" IMPL="auto" LATENCY="0" OPTYPE="and" PRAGMA="" RTLNAME="x_is_p1_fu_672_p2" SOURCE="C:\scratch\2023.2\hls_product\689\2023.2\src\shared\hls\clib/hlsmath/include/FloatingPoint\hls_pow.h:341" VARIABLE="x_is_p1" MODULE="pow_generic_double_s" LOOP="" BUNDLEDNAME="" DSP="0" BRAM="0" URAM="0" USAGE="" STORAGESUBTYPE="" STORAGESIZE=""/>
	<BindNode BINDTYPE="op" DISPLAY="bind_op icmp" ID="" IMPL="auto" LATENCY="0" OPTYPE="icmp" PRAGMA="" RTLNAME="icmp_ln18_fu_678_p2" SOURCE="C:\scratch\2023.2\hls_product\689\2023.2\src\shared\hls\clib/hlsmath/include/FloatingPoint/hls_isnan.h:18" VARIABLE="icmp_ln18" MODULE="pow_generic_double_s" LOOP="" BUNDLEDNAME="" DSP="0" BRAM="0" URAM="0" USAGE="" STORAGESUBTYPE="" STORAGESIZE=""/>
	<BindNode BINDTYPE="op" DISPLAY="bind_op xor" ID="" IMPL="auto" LATENCY="0" OPTYPE="xor" PRAGMA="" RTLNAME="xor_ln18_fu_1930_p2" SOURCE="C:\scratch\2023.2\hls_product\689\2023.2\src\shared\hls\clib/hlsmath/include/FloatingPoint/hls_isnan.h:18" VARIABLE="xor_ln18" MODULE="pow_generic_double_s" LOOP="" BUNDLEDNAME="" DSP="0" BRAM="0" URAM="0" USAGE="" STORAGESUBTYPE="" STORAGESIZE=""/>
	<BindNode BINDTYPE="op" DISPLAY="bind_op and" ID="" IMPL="auto" LATENCY="0" OPTYPE="and" PRAGMA="" RTLNAME="x_is_NaN_fu_1935_p2" SOURCE="C:\scratch\2023.2\hls_product\689\2023.2\src\shared\hls\clib/hlsmath/include/FloatingPoint/hls_isnan.h:18" VARIABLE="x_is_NaN" MODULE="pow_generic_double_s" LOOP="" BUNDLEDNAME="" DSP="0" BRAM="0" URAM="0" USAGE="" STORAGESUBTYPE="" STORAGESIZE=""/>
	<BindNode BINDTYPE="op" DISPLAY="bind_op or" ID="" IMPL="auto" LATENCY="0" OPTYPE="or" PRAGMA="" RTLNAME="or_ln378_fu_1940_p2" SOURCE="C:\scratch\2023.2\hls_product\689\2023.2\src\shared\hls\clib/hlsmath/include/FloatingPoint\hls_pow.h:378" VARIABLE="or_ln378" MODULE="pow_generic_double_s" LOOP="" BUNDLEDNAME="" DSP="0" BRAM="0" URAM="0" USAGE="" STORAGESUBTYPE="" STORAGESIZE=""/>
	<BindNode BINDTYPE="op" DISPLAY="bind_op select" ID="" IMPL="auto_sel" LATENCY="0" OPTYPE="select" PRAGMA="" RTLNAME="select_ln378_fu_1945_p3" SOURCE="C:\scratch\2023.2\hls_product\689\2023.2\src\shared\hls\clib/hlsmath/include/FloatingPoint\hls_pow.h:378" VARIABLE="select_ln378" MODULE="pow_generic_double_s" LOOP="" BUNDLEDNAME="" DSP="0" BRAM="0" URAM="0" USAGE="" STORAGESUBTYPE="" STORAGESIZE=""/>
	<BindNode BINDTYPE="op" DISPLAY="bind_op or" ID="" IMPL="auto" LATENCY="0" OPTYPE="or" PRAGMA="" RTLNAME="or_ln378_1_fu_1952_p2" SOURCE="C:\scratch\2023.2\hls_product\689\2023.2\src\shared\hls\clib/hlsmath/include/FloatingPoint\hls_pow.h:378" VARIABLE="or_ln378_1" MODULE="pow_generic_double_s" LOOP="" BUNDLEDNAME="" DSP="0" BRAM="0" URAM="0" USAGE="" STORAGESUBTYPE="" STORAGESIZE=""/>
	<BindNode BINDTYPE="op" DISPLAY="bind_op select" ID="" IMPL="auto_sel" LATENCY="0" OPTYPE="select" PRAGMA="" RTLNAME="select_ln378_1_fu_1957_p3" SOURCE="C:\scratch\2023.2\hls_product\689\2023.2\src\shared\hls\clib/hlsmath/include/FloatingPoint\hls_pow.h:378" VARIABLE="select_ln378_1" MODULE="pow_generic_double_s" LOOP="" BUNDLEDNAME="" DSP="0" BRAM="0" URAM="0" USAGE="" STORAGESUBTYPE="" STORAGESIZE=""/>
	<BindNode BINDTYPE="op" DISPLAY="bind_op or" ID="" IMPL="auto" LATENCY="0" OPTYPE="or" PRAGMA="" RTLNAME="or_ln378_2_fu_1965_p2" SOURCE="C:\scratch\2023.2\hls_product\689\2023.2\src\shared\hls\clib/hlsmath/include/FloatingPoint\hls_pow.h:378" VARIABLE="or_ln378_2" MODULE="pow_generic_double_s" LOOP="" BUNDLEDNAME="" DSP="0" BRAM="0" URAM="0" USAGE="" STORAGESUBTYPE="" STORAGESIZE=""/>
	<BindNode BINDTYPE="op" DISPLAY="bind_op select" ID="" IMPL="auto_sel" LATENCY="0" OPTYPE="select" PRAGMA="" RTLNAME="select_ln378_2_fu_1969_p3" SOURCE="C:\scratch\2023.2\hls_product\689\2023.2\src\shared\hls\clib/hlsmath/include/FloatingPoint\hls_pow.h:378" VARIABLE="select_ln378_2" MODULE="pow_generic_double_s" LOOP="" BUNDLEDNAME="" DSP="0" BRAM="0" URAM="0" USAGE="" STORAGESUBTYPE="" STORAGESIZE=""/>
	<BindNode BINDTYPE="op" DISPLAY="bind_op select" ID="" IMPL="auto_sel" LATENCY="0" OPTYPE="select" PRAGMA="" RTLNAME="select_ln378_3_fu_1977_p3" SOURCE="C:\scratch\2023.2\hls_product\689\2023.2\src\shared\hls\clib/hlsmath/include/FloatingPoint\hls_pow.h:378" VARIABLE="select_ln378_3" MODULE="pow_generic_double_s" LOOP="" BUNDLEDNAME="" DSP="0" BRAM="0" URAM="0" USAGE="" STORAGESUBTYPE="" STORAGESIZE=""/>
	<BindNode BINDTYPE="op" DISPLAY="bind_op add" ID="" IMPL="fabric" LATENCY="0" OPTYPE="add" PRAGMA="" RTLNAME="b_exp_1_fu_702_p2" SOURCE="C:\scratch\2023.2\hls_product\689\2023.2\src\shared\hls\clib/hlsmath/include/FloatingPoint\hls_pow.h:486" VARIABLE="b_exp_1" MODULE="pow_generic_double_s" LOOP="" BUNDLEDNAME="" DSP="0" BRAM="0" URAM="0" USAGE="" STORAGESUBTYPE="" STORAGESIZE=""/>
	<BindNode BINDTYPE="op" DISPLAY="bind_op select" ID="" IMPL="auto_sel" LATENCY="0" OPTYPE="select" PRAGMA="" RTLNAME="b_frac_2_fu_777_p3" SOURCE="C:\scratch\2023.2\hls_product\689\2023.2\src\shared\hls\clib/hlsmath/include/FloatingPoint\hls_pow.h:484" VARIABLE="b_frac_2" MODULE="pow_generic_double_s" LOOP="" BUNDLEDNAME="" DSP="0" BRAM="0" URAM="0" USAGE="" STORAGESUBTYPE="" STORAGESIZE=""/>
	<BindNode BINDTYPE="op" DISPLAY="bind_op select" ID="" IMPL="auto_sel" LATENCY="0" OPTYPE="select" PRAGMA="" RTLNAME="b_exp_2_fu_708_p3" SOURCE="C:\scratch\2023.2\hls_product\689\2023.2\src\shared\hls\clib/hlsmath/include/FloatingPoint\hls_pow.h:484" VARIABLE="b_exp_2" MODULE="pow_generic_double_s" LOOP="" BUNDLEDNAME="" DSP="0" BRAM="0" URAM="0" USAGE="" STORAGESUBTYPE="" STORAGESIZE=""/>
	<BindNode BINDTYPE="op" DISPLAY="bind_op mul" ID="" IMPL="dsp" LATENCY="2" OPTYPE="mul" PRAGMA="" RTLNAME="mul_12s_80ns_90_3_1_U5" SOURCE="C:\scratch\2023.2\hls_product\689\2023.2\src\shared\hls\clib/hlsmath/include/FloatingPoint\hls_pow.h:494" VARIABLE="Elog2" MODULE="pow_generic_double_s" LOOP="" BUNDLEDNAME="" DSP="5" BRAM="0" URAM="0" USAGE="" STORAGESUBTYPE="" STORAGESIZE=""/>
	<BindNode BINDTYPE="op" DISPLAY="bind_op mul" ID="" IMPL="auto" LATENCY="4" OPTYPE="mul" PRAGMA="" RTLNAME="mul_54s_6ns_54_5_1_U4" SOURCE="C:\scratch\2023.2\hls_product\689\2023.2\src\shared\hls\clib/hlsmath/include/FloatingPoint\hls_pow.h:516" VARIABLE="mul_ln516" MODULE="pow_generic_double_s" LOOP="" BUNDLEDNAME="" DSP="3" BRAM="0" URAM="0" USAGE="" STORAGESUBTYPE="" STORAGESIZE=""/>
	<BindNode BINDTYPE="op" DISPLAY="bind_op select" ID="" IMPL="auto_sel" LATENCY="0" OPTYPE="select" PRAGMA="" RTLNAME="select_ln42_fu_852_p3" SOURCE="C:\scratch\2023.2\hls_product\689\2023.2\src\shared\hls\clib/hlsmath/include/FloatingPoint\hls_pow.h:42" VARIABLE="select_ln42" MODULE="pow_generic_double_s" LOOP="" BUNDLEDNAME="" DSP="0" BRAM="0" URAM="0" USAGE="" STORAGESUBTYPE="" STORAGESIZE=""/>
	<BindNode BINDTYPE="op" DISPLAY="bind_op mul" ID="" IMPL="dsp" LATENCY="2" OPTYPE="mul" PRAGMA="" RTLNAME="mul_71ns_4ns_75_3_1_U14" SOURCE="C:\scratch\2023.2\hls_product\689\2023.2\src\shared\hls\clib/hlsmath/include/FloatingPoint\hls_pow.h:44" VARIABLE="mul_ln44" MODULE="pow_generic_double_s" LOOP="" BUNDLEDNAME="" DSP="0" BRAM="0" URAM="0" USAGE="" STORAGESUBTYPE="" STORAGESIZE=""/>
	<BindNode BINDTYPE="op" DISPLAY="bind_op mul" ID="" IMPL="dsp" LATENCY="2" OPTYPE="mul" PRAGMA="" RTLNAME="mul_73ns_6ns_79_3_1_U8" SOURCE="C:\scratch\2023.2\hls_product\689\2023.2\src\shared\hls\clib/hlsmath/include/FloatingPoint\hls_pow.h:44" VARIABLE="mul_ln44_1" MODULE="pow_generic_double_s" LOOP="" BUNDLEDNAME="" DSP="4" BRAM="0" URAM="0" USAGE="" STORAGESUBTYPE="" STORAGESIZE=""/>
	<BindNode BINDTYPE="op" DISPLAY="bind_op add" ID="" IMPL="fabric" LATENCY="0" OPTYPE="add" PRAGMA="" RTLNAME="add_ln44_2_fu_1016_p2" SOURCE="C:\scratch\2023.2\hls_product\689\2023.2\src\shared\hls\clib/hlsmath/include/FloatingPoint\hls_pow.h:44" VARIABLE="add_ln44_2" MODULE="pow_generic_double_s" LOOP="" BUNDLEDNAME="" DSP="0" BRAM="0" URAM="0" USAGE="" STORAGESUBTYPE="" STORAGESIZE=""/>
	<BindNode BINDTYPE="op" DISPLAY="bind_op mul" ID="" IMPL="dsp" LATENCY="2" OPTYPE="mul" PRAGMA="" RTLNAME="mul_83ns_6ns_89_3_1_U11" SOURCE="C:\scratch\2023.2\hls_product\689\2023.2\src\shared\hls\clib/hlsmath/include/FloatingPoint\hls_pow.h:44" VARIABLE="mul_ln44_2" MODULE="pow_generic_double_s" LOOP="" BUNDLEDNAME="" DSP="5" BRAM="0" URAM="0" USAGE="" STORAGESUBTYPE="" STORAGESIZE=""/>
	<BindNode BINDTYPE="op" DISPLAY="bind_op sub" ID="" IMPL="fabric" LATENCY="0" OPTYPE="sub" PRAGMA="" RTLNAME="sub_ln44_2_fu_1042_p2" SOURCE="C:\scratch\2023.2\hls_product\689\2023.2\src\shared\hls\clib/hlsmath/include/FloatingPoint\hls_pow.h:44" VARIABLE="sub_ln44_2" MODULE="pow_generic_double_s" LOOP="" BUNDLEDNAME="" DSP="0" BRAM="0" URAM="0" USAGE="" STORAGESUBTYPE="" STORAGESIZE=""/>
	<BindNode BINDTYPE="op" DISPLAY="bind_op add" ID="" IMPL="fabric" LATENCY="0" OPTYPE="add" PRAGMA="" RTLNAME="add_ln44_3_fu_1103_p2" SOURCE="C:\scratch\2023.2\hls_product\689\2023.2\src\shared\hls\clib/hlsmath/include/FloatingPoint\hls_pow.h:44" VARIABLE="add_ln44_3" MODULE="pow_generic_double_s" LOOP="" BUNDLEDNAME="" DSP="0" BRAM="0" URAM="0" USAGE="" STORAGESUBTYPE="" STORAGESIZE=""/>
	<BindNode BINDTYPE="op" DISPLAY="bind_op mul" ID="" IMPL="dsp" LATENCY="2" OPTYPE="mul" PRAGMA="" RTLNAME="mul_92ns_6ns_98_3_1_U13" SOURCE="C:\scratch\2023.2\hls_product\689\2023.2\src\shared\hls\clib/hlsmath/include/FloatingPoint\hls_pow.h:44" VARIABLE="mul_ln44_3" MODULE="pow_generic_double_s" LOOP="" BUNDLEDNAME="" DSP="5" BRAM="0" URAM="0" USAGE="" STORAGESUBTYPE="" STORAGESIZE=""/>
	<BindNode BINDTYPE="op" DISPLAY="bind_op sub" ID="" IMPL="fabric" LATENCY="0" OPTYPE="sub" PRAGMA="" RTLNAME="sub_ln44_3_fu_1128_p2" SOURCE="C:\scratch\2023.2\hls_product\689\2023.2\src\shared\hls\clib/hlsmath/include/FloatingPoint\hls_pow.h:44" VARIABLE="sub_ln44_3" MODULE="pow_generic_double_s" LOOP="" BUNDLEDNAME="" DSP="0" BRAM="0" URAM="0" USAGE="" STORAGESUBTYPE="" STORAGESIZE=""/>
	<BindNode BINDTYPE="op" DISPLAY="bind_op add" ID="" IMPL="fabric" LATENCY="0" OPTYPE="add" PRAGMA="" RTLNAME="add_ln44_4_fu_1185_p2" SOURCE="C:\scratch\2023.2\hls_product\689\2023.2\src\shared\hls\clib/hlsmath/include/FloatingPoint\hls_pow.h:44" VARIABLE="add_ln44_4" MODULE="pow_generic_double_s" LOOP="" BUNDLEDNAME="" DSP="0" BRAM="0" URAM="0" USAGE="" STORAGESUBTYPE="" STORAGESIZE=""/>
	<BindNode BINDTYPE="op" DISPLAY="bind_op mul" ID="" IMPL="dsp" LATENCY="2" OPTYPE="mul" PRAGMA="" RTLNAME="mul_87ns_6ns_93_3_1_U12" SOURCE="C:\scratch\2023.2\hls_product\689\2023.2\src\shared\hls\clib/hlsmath/include/FloatingPoint\hls_pow.h:44" VARIABLE="mul_ln44_4" MODULE="pow_generic_double_s" LOOP="" BUNDLEDNAME="" DSP="5" BRAM="0" URAM="0" USAGE="" STORAGESUBTYPE="" STORAGESIZE=""/>
	<BindNode BINDTYPE="op" DISPLAY="bind_op sub" ID="" IMPL="fabric" LATENCY="0" OPTYPE="sub" PRAGMA="" RTLNAME="sub_ln44_4_fu_1210_p2" SOURCE="C:\scratch\2023.2\hls_product\689\2023.2\src\shared\hls\clib/hlsmath/include/FloatingPoint\hls_pow.h:44" VARIABLE="sub_ln44_4" MODULE="pow_generic_double_s" LOOP="" BUNDLEDNAME="" DSP="0" BRAM="0" URAM="0" USAGE="" STORAGESUBTYPE="" STORAGESIZE=""/>
	<BindNode BINDTYPE="op" DISPLAY="bind_op add" ID="" IMPL="fabric" LATENCY="0" OPTYPE="add" PRAGMA="" RTLNAME="add_ln44_5_fu_1267_p2" SOURCE="C:\scratch\2023.2\hls_product\689\2023.2\src\shared\hls\clib/hlsmath/include/FloatingPoint\hls_pow.h:44" VARIABLE="add_ln44_5" MODULE="pow_generic_double_s" LOOP="" BUNDLEDNAME="" DSP="0" BRAM="0" URAM="0" USAGE="" STORAGESUBTYPE="" STORAGESIZE=""/>
	<BindNode BINDTYPE="op" DISPLAY="bind_op mul" ID="" IMPL="dsp" LATENCY="2" OPTYPE="mul" PRAGMA="" RTLNAME="mul_82ns_6ns_88_3_1_U10" SOURCE="C:\scratch\2023.2\hls_product\689\2023.2\src\shared\hls\clib/hlsmath/include/FloatingPoint\hls_pow.h:44" VARIABLE="mul_ln44_5" MODULE="pow_generic_double_s" LOOP="" BUNDLEDNAME="" DSP="5" BRAM="0" URAM="0" USAGE="" STORAGESUBTYPE="" STORAGESIZE=""/>
	<BindNode BINDTYPE="op" DISPLAY="bind_op sub" ID="" IMPL="fabric" LATENCY="0" OPTYPE="sub" PRAGMA="" RTLNAME="sub_ln44_5_fu_1292_p2" SOURCE="C:\scratch\2023.2\hls_product\689\2023.2\src\shared\hls\clib/hlsmath/include/FloatingPoint\hls_pow.h:44" VARIABLE="sub_ln44_5" MODULE="pow_generic_double_s" LOOP="" BUNDLEDNAME="" DSP="0" BRAM="0" URAM="0" USAGE="" STORAGESUBTYPE="" STORAGESIZE=""/>
	<BindNode BINDTYPE="op" DISPLAY="bind_op add" ID="" IMPL="fabric" LATENCY="0" OPTYPE="add" PRAGMA="" RTLNAME="add_ln44_6_fu_1349_p2" SOURCE="C:\scratch\2023.2\hls_product\689\2023.2\src\shared\hls\clib/hlsmath/include/FloatingPoint\hls_pow.h:44" VARIABLE="add_ln44_6" MODULE="pow_generic_double_s" LOOP="" BUNDLEDNAME="" DSP="0" BRAM="0" URAM="0" USAGE="" STORAGESUBTYPE="" STORAGESIZE=""/>
	<BindNode BINDTYPE="op" DISPLAY="bind_op mul" ID="" IMPL="dsp" LATENCY="2" OPTYPE="mul" PRAGMA="" RTLNAME="mul_77ns_6ns_83_3_1_U9" SOURCE="C:\scratch\2023.2\hls_product\689\2023.2\src\shared\hls\clib/hlsmath/include/FloatingPoint\hls_pow.h:44" VARIABLE="mul_ln44_6" MODULE="pow_generic_double_s" LOOP="" BUNDLEDNAME="" DSP="4" BRAM="0" URAM="0" USAGE="" STORAGESUBTYPE="" STORAGESIZE=""/>
	<BindNode BINDTYPE="op" DISPLAY="bind_op sub" ID="" IMPL="fabric" LATENCY="0" OPTYPE="sub" PRAGMA="" RTLNAME="sub_ln44_6_fu_1402_p2" SOURCE="C:\scratch\2023.2\hls_product\689\2023.2\src\shared\hls\clib/hlsmath/include/FloatingPoint\hls_pow.h:44" VARIABLE="sub_ln44_6" MODULE="pow_generic_double_s" LOOP="" BUNDLEDNAME="" DSP="0" BRAM="0" URAM="0" USAGE="" STORAGESUBTYPE="" STORAGESIZE=""/>
	<BindNode BINDTYPE="op" DISPLAY="bind_op add" ID="" IMPL="fabric" LATENCY="0" OPTYPE="add" PRAGMA="" RTLNAME="add_ln209_fu_1452_p2" SOURCE="C:\scratch\2023.2\hls_product\689\2023.2\src\shared\hls\clib/hlsmath/include/FloatingPoint\hls_pow.h:209" VARIABLE="add_ln209" MODULE="pow_generic_double_s" LOOP="" BUNDLEDNAME="" DSP="0" BRAM="0" URAM="0" USAGE="" STORAGESUBTYPE="" STORAGESIZE=""/>
	<BindNode BINDTYPE="op" DISPLAY="bind_op add" ID="" IMPL="fabric" LATENCY="0" OPTYPE="add" PRAGMA="" RTLNAME="add_ln209_1_fu_1457_p2" SOURCE="C:\scratch\2023.2\hls_product\689\2023.2\src\shared\hls\clib/hlsmath/include/FloatingPoint\hls_pow.h:209" VARIABLE="add_ln209_1" MODULE="pow_generic_double_s" LOOP="" BUNDLEDNAME="" DSP="0" BRAM="0" URAM="0" USAGE="" STORAGESUBTYPE="" STORAGESIZE=""/>
	<BindNode BINDTYPE="op" DISPLAY="bind_op add" ID="" IMPL="fabric" LATENCY="0" OPTYPE="add" PRAGMA="" RTLNAME="add_ln209_2_fu_1483_p2" SOURCE="C:\scratch\2023.2\hls_product\689\2023.2\src\shared\hls\clib/hlsmath/include/FloatingPoint\hls_pow.h:209" VARIABLE="add_ln209_2" MODULE="pow_generic_double_s" LOOP="" BUNDLEDNAME="" DSP="0" BRAM="0" URAM="0" USAGE="" STORAGESUBTYPE="" STORAGESIZE=""/>
	<BindNode BINDTYPE="op" DISPLAY="bind_op add" ID="" IMPL="fabric" LATENCY="0" OPTYPE="add" PRAGMA="" RTLNAME="add_ln209_3_fu_1463_p2" SOURCE="C:\scratch\2023.2\hls_product\689\2023.2\src\shared\hls\clib/hlsmath/include/FloatingPoint\hls_pow.h:209" VARIABLE="add_ln209_3" MODULE="pow_generic_double_s" LOOP="" BUNDLEDNAME="" DSP="0" BRAM="0" URAM="0" USAGE="" STORAGESUBTYPE="" STORAGESIZE=""/>
	<BindNode BINDTYPE="op" DISPLAY="bind_op add" ID="" IMPL="fabric" LATENCY="0" OPTYPE="add" PRAGMA="" RTLNAME="add_ln209_4_fu_1469_p2" SOURCE="C:\scratch\2023.2\hls_product\689\2023.2\src\shared\hls\clib/hlsmath/include/FloatingPoint\hls_pow.h:209" VARIABLE="add_ln209_4" MODULE="pow_generic_double_s" LOOP="" BUNDLEDNAME="" DSP="0" BRAM="0" URAM="0" USAGE="" STORAGESUBTYPE="" STORAGESIZE=""/>
	<BindNode BINDTYPE="op" DISPLAY="bind_op add" ID="" IMPL="fabric" LATENCY="0" OPTYPE="add" PRAGMA="" RTLNAME="add_ln209_5_fu_1491_p2" SOURCE="C:\scratch\2023.2\hls_product\689\2023.2\src\shared\hls\clib/hlsmath/include/FloatingPoint\hls_pow.h:209" VARIABLE="add_ln209_5" MODULE="pow_generic_double_s" LOOP="" BUNDLEDNAME="" DSP="0" BRAM="0" URAM="0" USAGE="" STORAGESUBTYPE="" STORAGESIZE=""/>
	<BindNode BINDTYPE="op" DISPLAY="bind_op add" ID="" IMPL="fabric" LATENCY="0" OPTYPE="add" PRAGMA="" RTLNAME="log_sum_1_fu_1499_p2" SOURCE="C:\scratch\2023.2\hls_product\689\2023.2\src\shared\hls\clib/hlsmath/include/FloatingPoint\hls_pow.h:209" VARIABLE="log_sum_1" MODULE="pow_generic_double_s" LOOP="" BUNDLEDNAME="" DSP="0" BRAM="0" URAM="0" USAGE="" STORAGESUBTYPE="" STORAGESIZE=""/>
	<BindNode BINDTYPE="op" DISPLAY="bind_op mul" ID="" IMPL="auto" LATENCY="2" OPTYPE="mul" PRAGMA="" RTLNAME="mul_40ns_40ns_80_3_1_U1" SOURCE="C:\scratch\2023.2\hls_product\689\2023.2\src\shared\hls\clib/hlsmath/include/FloatingPoint\hls_pow.h:522" VARIABLE="mul_ln522" MODULE="pow_generic_double_s" LOOP="" BUNDLEDNAME="" DSP="5" BRAM="0" URAM="0" USAGE="" STORAGESUBTYPE="" STORAGESIZE=""/>
	<BindNode BINDTYPE="op" DISPLAY="bind_op sub" ID="" IMPL="fabric" LATENCY="0" OPTYPE="sub" PRAGMA="" RTLNAME="sub_ln522_fu_1528_p2" SOURCE="C:\scratch\2023.2\hls_product\689\2023.2\src\shared\hls\clib/hlsmath/include/FloatingPoint\hls_pow.h:522" VARIABLE="sub_ln522" MODULE="pow_generic_double_s" LOOP="" BUNDLEDNAME="" DSP="0" BRAM="0" URAM="0" USAGE="" STORAGESUBTYPE="" STORAGESIZE=""/>
	<BindNode BINDTYPE="op" DISPLAY="bind_op add" ID="" IMPL="fabric" LATENCY="0" OPTYPE="add" PRAGMA="" RTLNAME="add_ln525_fu_1554_p2" SOURCE="C:\scratch\2023.2\hls_product\689\2023.2\src\shared\hls\clib/hlsmath/include/FloatingPoint\hls_pow.h:525" VARIABLE="add_ln525" MODULE="pow_generic_double_s" LOOP="" BUNDLEDNAME="" DSP="0" BRAM="0" URAM="0" USAGE="" STORAGESUBTYPE="" STORAGESIZE=""/>
	<BindNode BINDTYPE="op" DISPLAY="bind_op add" ID="" IMPL="fabric" LATENCY="0" OPTYPE="add" PRAGMA="" RTLNAME="add_ln525_1_fu_1563_p2" SOURCE="C:\scratch\2023.2\hls_product\689\2023.2\src\shared\hls\clib/hlsmath/include/FloatingPoint\hls_pow.h:525" VARIABLE="add_ln525_1" MODULE="pow_generic_double_s" LOOP="" BUNDLEDNAME="" DSP="0" BRAM="0" URAM="0" USAGE="" STORAGESUBTYPE="" STORAGESIZE=""/>
	<BindNode BINDTYPE="op" DISPLAY="bind_op mul" ID="" IMPL="dsp_slice" LATENCY="3" OPTYPE="mul" PRAGMA="" RTLNAME="mac_muladd_16s_15ns_19s_31_4_1_U15" SOURCE="C:\scratch\2023.2\hls_product\689\2023.2\src\shared\hls\clib/hlsmath/include/FloatingPoint\hls_pow.h:563" VARIABLE="mul_ln563" MODULE="pow_generic_double_s" LOOP="" BUNDLEDNAME="" DSP="1" BRAM="0" URAM="0" USAGE="" STORAGESUBTYPE="" STORAGESIZE=""/>
	<BindNode BINDTYPE="op" DISPLAY="bind_op add" ID="" IMPL="dsp_slice" LATENCY="3" OPTYPE="add" PRAGMA="" RTLNAME="mac_muladd_16s_15ns_19s_31_4_1_U15" SOURCE="C:\scratch\2023.2\hls_product\689\2023.2\src\shared\hls\clib/hlsmath/include/FloatingPoint\hls_pow.h:563" VARIABLE="add_ln563" MODULE="pow_generic_double_s" LOOP="" BUNDLEDNAME="" DSP="1" BRAM="0" URAM="0" USAGE="" STORAGESUBTYPE="" STORAGESIZE=""/>
	<BindNode BINDTYPE="op" DISPLAY="bind_op icmp" ID="" IMPL="auto" LATENCY="0" OPTYPE="icmp" PRAGMA="" RTLNAME="icmp_ln563_fu_1629_p2" SOURCE="C:\scratch\2023.2\hls_product\689\2023.2\src\shared\hls\clib/hlsmath/include/FloatingPoint\hls_pow.h:563" VARIABLE="icmp_ln563" MODULE="pow_generic_double_s" LOOP="" BUNDLEDNAME="" DSP="0" BRAM="0" URAM="0" USAGE="" STORAGESUBTYPE="" STORAGESIZE=""/>
	<BindNode BINDTYPE="op" DISPLAY="bind_op add" ID="" IMPL="fabric" LATENCY="0" OPTYPE="add" PRAGMA="" RTLNAME="add_ln563_1_fu_1635_p2" SOURCE="C:\scratch\2023.2\hls_product\689\2023.2\src\shared\hls\clib/hlsmath/include/FloatingPoint\hls_pow.h:563" VARIABLE="add_ln563_1" MODULE="pow_generic_double_s" LOOP="" BUNDLEDNAME="" DSP="0" BRAM="0" URAM="0" USAGE="" STORAGESUBTYPE="" STORAGESIZE=""/>
	<BindNode BINDTYPE="op" DISPLAY="bind_op select" ID="" IMPL="auto_sel" LATENCY="0" OPTYPE="select" PRAGMA="" RTLNAME="select_ln563_fu_1641_p3" SOURCE="C:\scratch\2023.2\hls_product\689\2023.2\src\shared\hls\clib/hlsmath/include/FloatingPoint\hls_pow.h:563" VARIABLE="select_ln563" MODULE="pow_generic_double_s" LOOP="" BUNDLEDNAME="" DSP="0" BRAM="0" URAM="0" USAGE="" STORAGESUBTYPE="" STORAGESIZE=""/>
	<BindNode BINDTYPE="op" DISPLAY="bind_op select" ID="" IMPL="auto_sel" LATENCY="0" OPTYPE="select" PRAGMA="" RTLNAME="r_exp_fu_1649_p3" SOURCE="C:\scratch\2023.2\hls_product\689\2023.2\src\shared\hls\clib/hlsmath/include/FloatingPoint\hls_pow.h:563" VARIABLE="r_exp" MODULE="pow_generic_double_s" LOOP="" BUNDLEDNAME="" DSP="0" BRAM="0" URAM="0" USAGE="" STORAGESUBTYPE="" STORAGESIZE=""/>
	<BindNode BINDTYPE="op" DISPLAY="bind_op mul" ID="" IMPL="dsp" LATENCY="2" OPTYPE="mul" PRAGMA="" RTLNAME="mul_13s_71s_71_3_1_U6" SOURCE="C:\scratch\2023.2\hls_product\689\2023.2\src\shared\hls\clib/hlsmath/include/FloatingPoint\hls_pow.h:568" VARIABLE="mul_ln568" MODULE="pow_generic_double_s" LOOP="" BUNDLEDNAME="" DSP="4" BRAM="0" URAM="0" USAGE="" STORAGESUBTYPE="" STORAGESIZE=""/>
	<BindNode BINDTYPE="op" DISPLAY="bind_op sub" ID="" IMPL="fabric" LATENCY="0" OPTYPE="sub" PRAGMA="" RTLNAME="m_diff_fu_1671_p2" SOURCE="C:\scratch\2023.2\hls_product\689\2023.2\src\shared\hls\clib/hlsmath/include/FloatingPoint\hls_pow.h:574" VARIABLE="m_diff" MODULE="pow_generic_double_s" LOOP="" BUNDLEDNAME="" DSP="0" BRAM="0" URAM="0" USAGE="" STORAGESUBTYPE="" STORAGESIZE=""/>
	<BindNode BINDTYPE="op" DISPLAY="bind_op add" ID="" IMPL="fabric" LATENCY="0" OPTYPE="add" PRAGMA="" RTLNAME="exp_Z4_m_1_fu_1743_p2" SOURCE="C:\scratch\2023.2\hls_product\689\2023.2\src\shared\hls\clib/hlsmath/include/FloatingPoint\hls_pow.h:250" VARIABLE="exp_Z4_m_1" MODULE="pow_generic_double_s" LOOP="" BUNDLEDNAME="" DSP="0" BRAM="0" URAM="0" USAGE="" STORAGESUBTYPE="" STORAGESIZE=""/>
	<BindNode BINDTYPE="op" DISPLAY="bind_op mul" ID="" IMPL="dsp" LATENCY="2" OPTYPE="mul" PRAGMA="" RTLNAME="mul_43ns_36ns_79_3_1_U7" SOURCE="C:\scratch\2023.2\hls_product\689\2023.2\src\shared\hls\clib/hlsmath/include/FloatingPoint\hls_pow.h:258" VARIABLE="mul_ln258" MODULE="pow_generic_double_s" LOOP="" BUNDLEDNAME="" DSP="6" BRAM="0" URAM="0" USAGE="" STORAGESUBTYPE="" STORAGESIZE=""/>
	<BindNode BINDTYPE="op" DISPLAY="bind_op add" ID="" IMPL="fabric" LATENCY="0" OPTYPE="add" PRAGMA="" RTLNAME="add_ln265_fu_1786_p2" SOURCE="C:\scratch\2023.2\hls_product\689\2023.2\src\shared\hls\clib/hlsmath/include/FloatingPoint\hls_pow.h:265" VARIABLE="add_ln265" MODULE="pow_generic_double_s" LOOP="" BUNDLEDNAME="" DSP="0" BRAM="0" URAM="0" USAGE="" STORAGESUBTYPE="" STORAGESIZE=""/>
	<BindNode BINDTYPE="op" DISPLAY="bind_op add" ID="" IMPL="fabric" LATENCY="0" OPTYPE="add" PRAGMA="" RTLNAME="exp_Z2P_m_1_fu_1795_p2" SOURCE="C:\scratch\2023.2\hls_product\689\2023.2\src\shared\hls\clib/hlsmath/include/FloatingPoint\hls_pow.h:265" VARIABLE="exp_Z2P_m_1" MODULE="pow_generic_double_s" LOOP="" BUNDLEDNAME="" DSP="0" BRAM="0" URAM="0" USAGE="" STORAGESUBTYPE="" STORAGESIZE=""/>
	<BindNode BINDTYPE="op" DISPLAY="bind_op mul" ID="" IMPL="auto" LATENCY="4" OPTYPE="mul" PRAGMA="" RTLNAME="mul_49ns_44ns_93_5_1_U2" SOURCE="C:\scratch\2023.2\hls_product\689\2023.2\src\shared\hls\clib/hlsmath/include/FloatingPoint\hls_pow.h:277" VARIABLE="mul_ln277" MODULE="pow_generic_double_s" LOOP="" BUNDLEDNAME="" DSP="9" BRAM="0" URAM="0" USAGE="" STORAGESUBTYPE="" STORAGESIZE=""/>
	<BindNode BINDTYPE="op" DISPLAY="bind_op add" ID="" IMPL="fabric" LATENCY="0" OPTYPE="add" PRAGMA="" RTLNAME="add_ln280_fu_1845_p2" SOURCE="C:\scratch\2023.2\hls_product\689\2023.2\src\shared\hls\clib/hlsmath/include/FloatingPoint\hls_pow.h:280" VARIABLE="add_ln280" MODULE="pow_generic_double_s" LOOP="" BUNDLEDNAME="" DSP="0" BRAM="0" URAM="0" USAGE="" STORAGESUBTYPE="" STORAGESIZE=""/>
	<BindNode BINDTYPE="op" DISPLAY="bind_op add" ID="" IMPL="fabric" LATENCY="0" OPTYPE="add" PRAGMA="" RTLNAME="exp_Z1P_m_1_l_fu_1867_p2" SOURCE="C:\scratch\2023.2\hls_product\689\2023.2\src\shared\hls\clib/hlsmath/include/FloatingPoint\hls_pow.h:280" VARIABLE="exp_Z1P_m_1_l" MODULE="pow_generic_double_s" LOOP="" BUNDLEDNAME="" DSP="0" BRAM="0" URAM="0" USAGE="" STORAGESUBTYPE="" STORAGESIZE=""/>
	<BindNode BINDTYPE="op" DISPLAY="bind_op add" ID="" IMPL="fabric" LATENCY="0" OPTYPE="add" PRAGMA="" RTLNAME="add_ln616_fu_1901_p2" SOURCE="C:\scratch\2023.2\hls_product\689\2023.2\src\shared\hls\clib/hlsmath/include/FloatingPoint\hls_pow.h:616" VARIABLE="add_ln616" MODULE="pow_generic_double_s" LOOP="" BUNDLEDNAME="" DSP="0" BRAM="0" URAM="0" USAGE="" STORAGESUBTYPE="" STORAGESIZE=""/>
	<BindNode BINDTYPE="op" DISPLAY="bind_op mul" ID="" IMPL="auto" LATENCY="4" OPTYPE="mul" PRAGMA="" RTLNAME="mul_50ns_50ns_100_5_1_U3" SOURCE="C:\scratch\2023.2\hls_product\689\2023.2\src\shared\hls\clib/hlsmath/include/FloatingPoint\hls_pow.h:616" VARIABLE="mul_ln616" MODULE="pow_generic_double_s" LOOP="" BUNDLEDNAME="" DSP="9" BRAM="0" URAM="0" USAGE="" STORAGESUBTYPE="" STORAGESIZE=""/>
	<BindNode BINDTYPE="op" DISPLAY="bind_op add" ID="" IMPL="fabric" LATENCY="0" OPTYPE="add" PRAGMA="" RTLNAME="add_ln616_1_fu_1916_p2" SOURCE="C:\scratch\2023.2\hls_product\689\2023.2\src\shared\hls\clib/hlsmath/include/FloatingPoint\hls_pow.h:616" VARIABLE="add_ln616_1" MODULE="pow_generic_double_s" LOOP="" BUNDLEDNAME="" DSP="0" BRAM="0" URAM="0" USAGE="" STORAGESUBTYPE="" STORAGESIZE=""/>
	<BindNode BINDTYPE="op" DISPLAY="bind_op add" ID="" IMPL="fabric" LATENCY="0" OPTYPE="add" PRAGMA="" RTLNAME="r_exp_1_fu_1985_p2" SOURCE="C:\scratch\2023.2\hls_product\689\2023.2\src\shared\hls\clib/hlsmath/include/FloatingPoint\hls_pow.h:624" VARIABLE="r_exp_1" MODULE="pow_generic_double_s" LOOP="" BUNDLEDNAME="" DSP="0" BRAM="0" URAM="0" USAGE="" STORAGESUBTYPE="" STORAGESIZE=""/>
	<BindNode BINDTYPE="op" DISPLAY="bind_op select" ID="" IMPL="auto_sel" LATENCY="0" OPTYPE="select" PRAGMA="" RTLNAME="r_exp_2_fu_1990_p3" SOURCE="C:\scratch\2023.2\hls_product\689\2023.2\src\shared\hls\clib/hlsmath/include/FloatingPoint\hls_pow.h:622" VARIABLE="r_exp_2" MODULE="pow_generic_double_s" LOOP="" BUNDLEDNAME="" DSP="0" BRAM="0" URAM="0" USAGE="" STORAGESUBTYPE="" STORAGESIZE=""/>
	<BindNode BINDTYPE="op" DISPLAY="bind_op icmp" ID="" IMPL="auto" LATENCY="0" OPTYPE="icmp" PRAGMA="" RTLNAME="icmp_ln628_fu_2006_p2" SOURCE="C:\scratch\2023.2\hls_product\689\2023.2\src\shared\hls\clib/hlsmath/include/FloatingPoint\hls_pow.h:628" VARIABLE="icmp_ln628" MODULE="pow_generic_double_s" LOOP="" BUNDLEDNAME="" DSP="0" BRAM="0" URAM="0" USAGE="" STORAGESUBTYPE="" STORAGESIZE=""/>
	<BindNode BINDTYPE="op" DISPLAY="bind_op select" ID="" IMPL="auto_sel" LATENCY="0" OPTYPE="select" PRAGMA="" RTLNAME="select_ln629_fu_2080_p3" SOURCE="C:\scratch\2023.2\hls_product\689\2023.2\src\shared\hls\clib/hlsmath/include/FloatingPoint\hls_pow.h:629" VARIABLE="select_ln629" MODULE="pow_generic_double_s" LOOP="" BUNDLEDNAME="" DSP="0" BRAM="0" URAM="0" USAGE="" STORAGESUBTYPE="" STORAGESIZE=""/>
	<BindNode BINDTYPE="op" DISPLAY="bind_op icmp" ID="" IMPL="auto" LATENCY="0" OPTYPE="icmp" PRAGMA="" RTLNAME="icmp_ln645_fu_2012_p2" SOURCE="C:\scratch\2023.2\hls_product\689\2023.2\src\shared\hls\clib/hlsmath/include/FloatingPoint\hls_pow.h:645" VARIABLE="icmp_ln645" MODULE="pow_generic_double_s" LOOP="" BUNDLEDNAME="" DSP="0" BRAM="0" URAM="0" USAGE="" STORAGESUBTYPE="" STORAGESIZE=""/>
	<BindNode BINDTYPE="op" DISPLAY="bind_op select" ID="" IMPL="auto_sel" LATENCY="0" OPTYPE="select" PRAGMA="" RTLNAME="out_sig_fu_2036_p3" SOURCE="C:\scratch\2023.2\hls_product\689\2023.2\src\shared\hls\clib/hlsmath/include/FloatingPoint\hls_pow.h:622" VARIABLE="out_sig" MODULE="pow_generic_double_s" LOOP="" BUNDLEDNAME="" DSP="0" BRAM="0" URAM="0" USAGE="" STORAGESUBTYPE="" STORAGESIZE=""/>
	<BindNode BINDTYPE="op" DISPLAY="bind_op add" ID="" IMPL="fabric" LATENCY="0" OPTYPE="add" PRAGMA="" RTLNAME="out_exp_fu_2047_p2" SOURCE="C:\scratch\2023.2\hls_product\689\2023.2\src\shared\hls\clib/hlsmath/include/FloatingPoint\hls_pow.h:657" VARIABLE="out_exp" MODULE="pow_generic_double_s" LOOP="" BUNDLEDNAME="" DSP="0" BRAM="0" URAM="0" USAGE="" STORAGESUBTYPE="" STORAGESIZE=""/>
	<BindNode BINDTYPE="op" DISPLAY="bind_op icmp" ID="" IMPL="auto" LATENCY="0" OPTYPE="icmp" PRAGMA="" RTLNAME="icmp_ln378_fu_721_p2" SOURCE="C:\scratch\2023.2\hls_product\689\2023.2\src\shared\hls\clib/hlsmath/include/FloatingPoint\hls_pow.h:378" VARIABLE="icmp_ln378" MODULE="pow_generic_double_s" LOOP="" BUNDLEDNAME="" DSP="0" BRAM="0" URAM="0" USAGE="" STORAGESUBTYPE="" STORAGESIZE=""/>
	<BindNode BINDTYPE="op" DISPLAY="bind_op or" ID="" IMPL="auto" LATENCY="0" OPTYPE="or" PRAGMA="" RTLNAME="or_ln378_3_fu_2067_p2" SOURCE="C:\scratch\2023.2\hls_product\689\2023.2\src\shared\hls\clib/hlsmath/include/FloatingPoint\hls_pow.h:378" VARIABLE="or_ln378_3" MODULE="pow_generic_double_s" LOOP="" BUNDLEDNAME="" DSP="0" BRAM="0" URAM="0" USAGE="" STORAGESUBTYPE="" STORAGESIZE=""/>
	<BindNode BINDTYPE="op" DISPLAY="bind_op select" ID="" IMPL="auto_sel" LATENCY="0" OPTYPE="select" PRAGMA="" RTLNAME="select_ln378_4_fu_2072_p3" SOURCE="C:\scratch\2023.2\hls_product\689\2023.2\src\shared\hls\clib/hlsmath/include/FloatingPoint\hls_pow.h:378" VARIABLE="select_ln378_4" MODULE="pow_generic_double_s" LOOP="" BUNDLEDNAME="" DSP="0" BRAM="0" URAM="0" USAGE="" STORAGESUBTYPE="" STORAGESIZE=""/>
	<BindNode BINDTYPE="op" DISPLAY="bind_op xor" ID="" IMPL="auto" LATENCY="0" OPTYPE="xor" PRAGMA="" RTLNAME="xor_ln340_fu_727_p2" SOURCE="C:\scratch\2023.2\hls_product\689\2023.2\src\shared\hls\clib/hlsmath/include/FloatingPoint\hls_pow.h:340" VARIABLE="xor_ln340" MODULE="pow_generic_double_s" LOOP="" BUNDLEDNAME="" DSP="0" BRAM="0" URAM="0" USAGE="" STORAGESUBTYPE="" STORAGESIZE=""/>
	<BindNode BINDTYPE="op" DISPLAY="bind_op icmp" ID="" IMPL="auto" LATENCY="0" OPTYPE="icmp" PRAGMA="" RTLNAME="icmp_ln378_1_fu_733_p2" SOURCE="C:\scratch\2023.2\hls_product\689\2023.2\src\shared\hls\clib/hlsmath/include/FloatingPoint\hls_pow.h:378" VARIABLE="icmp_ln378_1" MODULE="pow_generic_double_s" LOOP="" BUNDLEDNAME="" DSP="0" BRAM="0" URAM="0" USAGE="" STORAGESUBTYPE="" STORAGESIZE=""/>
	<BindNode BINDTYPE="op" DISPLAY="bind_op icmp" ID="" IMPL="auto" LATENCY="0" OPTYPE="icmp" PRAGMA="" RTLNAME="icmp_ln378_2_fu_739_p2" SOURCE="C:\scratch\2023.2\hls_product\689\2023.2\src\shared\hls\clib/hlsmath/include/FloatingPoint\hls_pow.h:378" VARIABLE="icmp_ln378_2" MODULE="pow_generic_double_s" LOOP="" BUNDLEDNAME="" DSP="0" BRAM="0" URAM="0" USAGE="" STORAGESUBTYPE="" STORAGESIZE=""/>
	<BindNode BINDTYPE="op" DISPLAY="bind_op and" ID="" IMPL="auto" LATENCY="0" OPTYPE="and" PRAGMA="" RTLNAME="and_ln378_fu_745_p2" SOURCE="C:\scratch\2023.2\hls_product\689\2023.2\src\shared\hls\clib/hlsmath/include/FloatingPoint\hls_pow.h:378" VARIABLE="and_ln378" MODULE="pow_generic_double_s" LOOP="" BUNDLEDNAME="" DSP="0" BRAM="0" URAM="0" USAGE="" STORAGESUBTYPE="" STORAGESIZE=""/>
	<BindNode BINDTYPE="op" DISPLAY="bind_op and" ID="" IMPL="auto" LATENCY="0" OPTYPE="and" PRAGMA="" RTLNAME="and_ln378_1_fu_751_p2" SOURCE="C:\scratch\2023.2\hls_product\689\2023.2\src\shared\hls\clib/hlsmath/include/FloatingPoint\hls_pow.h:378" VARIABLE="and_ln378_1" MODULE="pow_generic_double_s" LOOP="" BUNDLEDNAME="" DSP="0" BRAM="0" URAM="0" USAGE="" STORAGESUBTYPE="" STORAGESIZE=""/>
	<BindNode BINDTYPE="op" DISPLAY="bind_op and" ID="" IMPL="auto" LATENCY="0" OPTYPE="and" PRAGMA="" RTLNAME="and_ln628_fu_2087_p2" SOURCE="C:\scratch\2023.2\hls_product\689\2023.2\src\shared\hls\clib/hlsmath/include/FloatingPoint\hls_pow.h:628" VARIABLE="and_ln628" MODULE="pow_generic_double_s" LOOP="" BUNDLEDNAME="" DSP="0" BRAM="0" URAM="0" USAGE="" STORAGESUBTYPE="" STORAGESIZE=""/>
	<BindNode BINDTYPE="op" DISPLAY="bind_op select" ID="" IMPL="auto_sel" LATENCY="0" OPTYPE="select" PRAGMA="" RTLNAME="select_ln628_fu_2091_p3" SOURCE="C:\scratch\2023.2\hls_product\689\2023.2\src\shared\hls\clib/hlsmath/include/FloatingPoint\hls_pow.h:628" VARIABLE="select_ln628" MODULE="pow_generic_double_s" LOOP="" BUNDLEDNAME="" DSP="0" BRAM="0" URAM="0" USAGE="" STORAGESUBTYPE="" STORAGESIZE=""/>
	<BindNode BINDTYPE="op" DISPLAY="bind_op xor" ID="" IMPL="auto" LATENCY="0" OPTYPE="xor" PRAGMA="" RTLNAME="xor_ln628_fu_2098_p2" SOURCE="C:\scratch\2023.2\hls_product\689\2023.2\src\shared\hls\clib/hlsmath/include/FloatingPoint\hls_pow.h:628" VARIABLE="xor_ln628" MODULE="pow_generic_double_s" LOOP="" BUNDLEDNAME="" DSP="0" BRAM="0" URAM="0" USAGE="" STORAGESUBTYPE="" STORAGESIZE=""/>
	<BindNode BINDTYPE="op" DISPLAY="bind_op and" ID="" IMPL="auto" LATENCY="0" OPTYPE="and" PRAGMA="" RTLNAME="and_ln645_fu_2103_p2" SOURCE="C:\scratch\2023.2\hls_product\689\2023.2\src\shared\hls\clib/hlsmath/include/FloatingPoint\hls_pow.h:645" VARIABLE="and_ln645" MODULE="pow_generic_double_s" LOOP="" BUNDLEDNAME="" DSP="0" BRAM="0" URAM="0" USAGE="" STORAGESUBTYPE="" STORAGESIZE=""/>
	<BindNode BINDTYPE="op" DISPLAY="bind_op and" ID="" IMPL="auto" LATENCY="0" OPTYPE="and" PRAGMA="" RTLNAME="and_ln645_1_fu_2108_p2" SOURCE="C:\scratch\2023.2\hls_product\689\2023.2\src\shared\hls\clib/hlsmath/include/FloatingPoint\hls_pow.h:645" VARIABLE="and_ln645_1" MODULE="pow_generic_double_s" LOOP="" BUNDLEDNAME="" DSP="0" BRAM="0" URAM="0" USAGE="" STORAGESUBTYPE="" STORAGESIZE=""/>
	<BindNode BINDTYPE="op" DISPLAY="bind_op select" ID="" IMPL="auto_sel" LATENCY="0" OPTYPE="select" PRAGMA="" RTLNAME="ap_return" SOURCE="C:\scratch\2023.2\hls_product\689\2023.2\src\shared\hls\clib/hlsmath/include/FloatingPoint\hls_pow.h:645" VARIABLE="select_ln645" MODULE="pow_generic_double_s" LOOP="" BUNDLEDNAME="" DSP="0" BRAM="0" URAM="0" USAGE="" STORAGESUBTYPE="" STORAGESIZE=""/>
	<BindNode BINDTYPE="storage" DISPLAY="bind_storage rom_1p" ID="" IMPL="auto" LATENCY="1" OPTYPE="rom_1p" PRAGMA="" RTLNAME="pow_reduce_anonymous_namespace_log_inverse_lut_table_pow_0_5_64_array_U" SOURCE="" VARIABLE="pow_reduce_anonymous_namespace_log_inverse_lut_table_pow_0_5_64_array" MODULE="pow_generic_double_s" LOOP="" BUNDLEDNAME="" DSP="0" BRAM="0" URAM="0" USAGE="" STORAGESUBTYPE="" STORAGESIZE="6 64 1"/>
	<BindNode BINDTYPE="storage" DISPLAY="bind_storage rom_1p" ID="" IMPL="auto" LATENCY="1" OPTYPE="rom_1p" PRAGMA="" RTLNAME="pow_reduce_anonymous_namespace_log0_lut_table_array_U" SOURCE="" VARIABLE="pow_reduce_anonymous_namespace_log0_lut_table_array" MODULE="pow_generic_double_s" LOOP="" BUNDLEDNAME="" DSP="0" BRAM="4" URAM="0" USAGE="" STORAGESUBTYPE="" STORAGESIZE="109 64 1"/>
	<BindNode BINDTYPE="storage" DISPLAY="bind_storage rom_1p" ID="" IMPL="auto" LATENCY="1" OPTYPE="rom_1p" PRAGMA="" RTLNAME="pow_reduce_anonymous_namespace_log_lut_table_ap_fixed_4_4_16_array_U" SOURCE="" VARIABLE="pow_reduce_anonymous_namespace_log_lut_table_ap_fixed_4_4_16_array" MODULE="pow_generic_double_s" LOOP="" BUNDLEDNAME="" DSP="0" BRAM="3" URAM="0" USAGE="" STORAGESUBTYPE="" STORAGESIZE="105 16 1"/>
	<BindNode BINDTYPE="storage" DISPLAY="bind_storage rom_1p" ID="" IMPL="auto" LATENCY="1" OPTYPE="rom_1p" PRAGMA="" RTLNAME="pow_reduce_anonymous_namespace_log_lut_table_ap_fixed_7_6_64_array_U" SOURCE="" VARIABLE="pow_reduce_anonymous_namespace_log_lut_table_ap_fixed_7_6_64_array" MODULE="pow_generic_double_s" LOOP="" BUNDLEDNAME="" DSP="0" BRAM="3" URAM="0" USAGE="" STORAGESUBTYPE="" STORAGESIZE="102 64 1"/>
	<BindNode BINDTYPE="storage" DISPLAY="bind_storage rom_1p" ID="" IMPL="auto" LATENCY="1" OPTYPE="rom_1p" PRAGMA="" RTLNAME="pow_reduce_anonymous_namespace_log_lut_table_ap_fixed_12_6_64_array_U" SOURCE="" VARIABLE="pow_reduce_anonymous_namespace_log_lut_table_ap_fixed_12_6_64_array" MODULE="pow_generic_double_s" LOOP="" BUNDLEDNAME="" DSP="0" BRAM="3" URAM="0" USAGE="" STORAGESUBTYPE="" STORAGESIZE="97 64 1"/>
	<BindNode BINDTYPE="storage" DISPLAY="bind_storage rom_1p" ID="" IMPL="auto" LATENCY="1" OPTYPE="rom_1p" PRAGMA="" RTLNAME="pow_reduce_anonymous_namespace_log_lut_table_ap_fixed_17_6_64_array_U" SOURCE="" VARIABLE="pow_reduce_anonymous_namespace_log_lut_table_ap_fixed_17_6_64_array" MODULE="pow_generic_double_s" LOOP="" BUNDLEDNAME="" DSP="0" BRAM="3" URAM="0" USAGE="" STORAGESUBTYPE="" STORAGESIZE="92 64 1"/>
	<BindNode BINDTYPE="storage" DISPLAY="bind_storage rom_1p" ID="" IMPL="auto" LATENCY="1" OPTYPE="rom_1p" PRAGMA="" RTLNAME="pow_reduce_anonymous_namespace_log_lut_table_ap_fixed_22_6_64_array_U" SOURCE="" VARIABLE="pow_reduce_anonymous_namespace_log_lut_table_ap_fixed_22_6_64_array" MODULE="pow_generic_double_s" LOOP="" BUNDLEDNAME="" DSP="0" BRAM="3" URAM="0" USAGE="" STORAGESUBTYPE="" STORAGESIZE="87 64 1"/>
	<BindNode BINDTYPE="storage" DISPLAY="bind_storage rom_1p" ID="" IMPL="auto" LATENCY="1" OPTYPE="rom_1p" PRAGMA="" RTLNAME="pow_reduce_anonymous_namespace_log_lut_table_ap_fixed_27_6_64_array_U" SOURCE="" VARIABLE="pow_reduce_anonymous_namespace_log_lut_table_ap_fixed_27_6_64_array" MODULE="pow_generic_double_s" LOOP="" BUNDLEDNAME="" DSP="0" BRAM="3" URAM="0" USAGE="" STORAGESUBTYPE="" STORAGESIZE="82 64 1"/>
	<BindNode BINDTYPE="storage" DISPLAY="bind_storage rom_1p" ID="" IMPL="auto" LATENCY="1" OPTYPE="rom_1p" PRAGMA="" RTLNAME="pow_reduce_anonymous_namespace_log_lut_table_ap_fixed_32_6_64_array_U" SOURCE="" VARIABLE="pow_reduce_anonymous_namespace_log_lut_table_ap_fixed_32_6_64_array" MODULE="pow_generic_double_s" LOOP="" BUNDLEDNAME="" DSP="0" BRAM="3" URAM="0" USAGE="" STORAGESUBTYPE="" STORAGESIZE="77 64 1"/>
	<BindNode BINDTYPE="storage" DISPLAY="bind_storage rom_1p" ID="" IMPL="auto" LATENCY="1" OPTYPE="rom_1p" PRAGMA="" RTLNAME="pow_reduce_anonymous_namespace_table_exp_Z1_ap_ufixed_array_U" SOURCE="" VARIABLE="pow_reduce_anonymous_namespace_table_exp_Z1_ap_ufixed_array" MODULE="pow_generic_double_s" LOOP="" BUNDLEDNAME="" DSP="0" BRAM="2" URAM="0" USAGE="" STORAGESUBTYPE="" STORAGESIZE="58 256 1"/>
	<BindNode BINDTYPE="storage" DISPLAY="bind_storage rom_2p" ID="" IMPL="auto" LATENCY="1" OPTYPE="rom_2p" PRAGMA="" RTLNAME="pow_reduce_anonymous_namespace_table_f_Z3_ap_ufixed_array_U" SOURCE="" VARIABLE="pow_reduce_anonymous_namespace_table_f_Z3_ap_ufixed_array" MODULE="pow_generic_double_s" LOOP="" BUNDLEDNAME="" DSP="0" BRAM="1" URAM="0" USAGE="" STORAGESUBTYPE="" STORAGESIZE="26 256 1"/>
	<BindNode BINDTYPE="storage" DISPLAY="bind_storage rom_1p" ID="" IMPL="auto" LATENCY="1" OPTYPE="rom_1p" PRAGMA="" RTLNAME="pow_reduce_anonymous_namespace_table_f_Z2_ap_ufixed_array_U" SOURCE="" VARIABLE="pow_reduce_anonymous_namespace_table_f_Z2_ap_ufixed_array" MODULE="pow_generic_double_s" LOOP="" BUNDLEDNAME="" DSP="0" BRAM="2" URAM="0" USAGE="" STORAGESUBTYPE="" STORAGESIZE="42 256 1"/>
	<BindNode BINDTYPE="op" DISPLAY="bind_op icmp" ID="" IMPL="auto" LATENCY="0" OPTYPE="icmp" PRAGMA="" RTLNAME="icmp_ln63_fu_199_p2" SOURCE="HLS_examen/sources/hls_examen.c:63" VARIABLE="icmp_ln63" MODULE="ImageTransform_Pipeline_VITIS_LOOP_63_7_VITIS_LOOP_64_8" LOOP="VITIS_LOOP_63_7_VITIS_LOOP_64_8" BUNDLEDNAME="" DSP="0" BRAM="0" URAM="0" USAGE="" STORAGESUBTYPE="" STORAGESIZE=""/>
	<BindNode BINDTYPE="op" DISPLAY="bind_op add" ID="" IMPL="fabric" LATENCY="0" OPTYPE="add" PRAGMA="" RTLNAME="add_ln63_fu_204_p2" SOURCE="HLS_examen/sources/hls_examen.c:63" VARIABLE="add_ln63" MODULE="ImageTransform_Pipeline_VITIS_LOOP_63_7_VITIS_LOOP_64_8" LOOP="VITIS_LOOP_63_7_VITIS_LOOP_64_8" BUNDLEDNAME="" DSP="0" BRAM="0" URAM="0" USAGE="" STORAGESUBTYPE="" STORAGESIZE=""/>
	<BindNode BINDTYPE="op" DISPLAY="bind_op icmp" ID="" IMPL="auto" LATENCY="0" OPTYPE="icmp" PRAGMA="" RTLNAME="icmp_ln64_fu_216_p2" SOURCE="HLS_examen/sources/hls_examen.c:64" VARIABLE="icmp_ln64" MODULE="ImageTransform_Pipeline_VITIS_LOOP_63_7_VITIS_LOOP_64_8" LOOP="VITIS_LOOP_63_7_VITIS_LOOP_64_8" BUNDLEDNAME="" DSP="0" BRAM="0" URAM="0" USAGE="" STORAGESUBTYPE="" STORAGESIZE=""/>
	<BindNode BINDTYPE="op" DISPLAY="bind_op select" ID="" IMPL="auto_sel" LATENCY="0" OPTYPE="select" PRAGMA="" RTLNAME="select_ln64_fu_227_p3" SOURCE="HLS_examen/sources/hls_examen.c:64" VARIABLE="select_ln64" MODULE="ImageTransform_Pipeline_VITIS_LOOP_63_7_VITIS_LOOP_64_8" LOOP="VITIS_LOOP_63_7_VITIS_LOOP_64_8" BUNDLEDNAME="" DSP="0" BRAM="0" URAM="0" USAGE="" STORAGESUBTYPE="" STORAGESIZE=""/>
	<BindNode BINDTYPE="op" DISPLAY="bind_op add" ID="" IMPL="fabric" LATENCY="0" OPTYPE="add" PRAGMA="" RTLNAME="add_ln63_1_fu_221_p2" SOURCE="HLS_examen/sources/hls_examen.c:63" VARIABLE="add_ln63_1" MODULE="ImageTransform_Pipeline_VITIS_LOOP_63_7_VITIS_LOOP_64_8" LOOP="VITIS_LOOP_63_7_VITIS_LOOP_64_8" BUNDLEDNAME="" DSP="0" BRAM="0" URAM="0" USAGE="" STORAGESUBTYPE="" STORAGESIZE=""/>
	<BindNode BINDTYPE="op" DISPLAY="bind_op select" ID="" IMPL="auto_sel" LATENCY="0" OPTYPE="select" PRAGMA="" RTLNAME="select_ln63_fu_233_p3" SOURCE="HLS_examen/sources/hls_examen.c:63" VARIABLE="select_ln63" MODULE="ImageTransform_Pipeline_VITIS_LOOP_63_7_VITIS_LOOP_64_8" LOOP="VITIS_LOOP_63_7_VITIS_LOOP_64_8" BUNDLEDNAME="" DSP="0" BRAM="0" URAM="0" USAGE="" STORAGESUBTYPE="" STORAGESIZE=""/>
	<BindNode BINDTYPE="op" DISPLAY="bind_op sub" ID="" IMPL="fabric" LATENCY="0" OPTYPE="sub" PRAGMA="" RTLNAME="sub_ln63_fu_250_p2" SOURCE="HLS_examen/sources/hls_examen.c:63" VARIABLE="sub_ln63" MODULE="ImageTransform_Pipeline_VITIS_LOOP_63_7_VITIS_LOOP_64_8" LOOP="VITIS_LOOP_63_7_VITIS_LOOP_64_8" BUNDLEDNAME="" DSP="0" BRAM="0" URAM="0" USAGE="" STORAGESUBTYPE="" STORAGESIZE=""/>
	<BindNode BINDTYPE="op" DISPLAY="bind_op sub" ID="" IMPL="fabric" LATENCY="0" OPTYPE="sub" PRAGMA="" RTLNAME="sub_ln64_fu_262_p2" SOURCE="HLS_examen/sources/hls_examen.c:64" VARIABLE="sub_ln64" MODULE="ImageTransform_Pipeline_VITIS_LOOP_63_7_VITIS_LOOP_64_8" LOOP="VITIS_LOOP_63_7_VITIS_LOOP_64_8" BUNDLEDNAME="" DSP="0" BRAM="0" URAM="0" USAGE="" STORAGESUBTYPE="" STORAGESIZE=""/>
	<BindNode BINDTYPE="op" DISPLAY="bind_op add" ID="" IMPL="fabric" LATENCY="0" OPTYPE="add" PRAGMA="" RTLNAME="add_ln64_1_fu_296_p2" SOURCE="HLS_examen/sources/hls_examen.c:64" VARIABLE="add_ln64_1" MODULE="ImageTransform_Pipeline_VITIS_LOOP_63_7_VITIS_LOOP_64_8" LOOP="VITIS_LOOP_63_7_VITIS_LOOP_64_8" BUNDLEDNAME="" DSP="0" BRAM="0" URAM="0" USAGE="" STORAGESUBTYPE="" STORAGESIZE=""/>
	<BindNode BINDTYPE="op" DISPLAY="bind_op add" ID="" IMPL="fabric" LATENCY="0" OPTYPE="add" PRAGMA="" RTLNAME="add_ln64_2_fu_300_p2" SOURCE="HLS_examen/sources/hls_examen.c:64" VARIABLE="add_ln64_2" MODULE="ImageTransform_Pipeline_VITIS_LOOP_63_7_VITIS_LOOP_64_8" LOOP="VITIS_LOOP_63_7_VITIS_LOOP_64_8" BUNDLEDNAME="" DSP="0" BRAM="0" URAM="0" USAGE="" STORAGESUBTYPE="" STORAGESIZE=""/>
	<BindNode BINDTYPE="op" DISPLAY="bind_op add" ID="" IMPL="fabric" LATENCY="0" OPTYPE="add" PRAGMA="" RTLNAME="add_ln64_3_fu_286_p2" SOURCE="HLS_examen/sources/hls_examen.c:64" VARIABLE="add_ln64_3" MODULE="ImageTransform_Pipeline_VITIS_LOOP_63_7_VITIS_LOOP_64_8" LOOP="VITIS_LOOP_63_7_VITIS_LOOP_64_8" BUNDLEDNAME="" DSP="0" BRAM="0" URAM="0" USAGE="" STORAGESUBTYPE="" STORAGESIZE=""/>
	<BindNode BINDTYPE="op" DISPLAY="bind_op icmp" ID="" IMPL="auto" LATENCY="0" OPTYPE="icmp" PRAGMA="" RTLNAME="icmp_ln34_fu_200_p2" SOURCE="HLS_examen/sources/hls_examen.c:34" VARIABLE="icmp_ln34" MODULE="ImageTransform_Pipeline_VITIS_LOOP_34_3_VITIS_LOOP_35_4" LOOP="VITIS_LOOP_34_3_VITIS_LOOP_35_4" BUNDLEDNAME="" DSP="0" BRAM="0" URAM="0" USAGE="" STORAGESUBTYPE="" STORAGESIZE=""/>
	<BindNode BINDTYPE="op" DISPLAY="bind_op add" ID="" IMPL="fabric" LATENCY="0" OPTYPE="add" PRAGMA="" RTLNAME="add_ln34_fu_205_p2" SOURCE="HLS_examen/sources/hls_examen.c:34" VARIABLE="add_ln34" MODULE="ImageTransform_Pipeline_VITIS_LOOP_34_3_VITIS_LOOP_35_4" LOOP="VITIS_LOOP_34_3_VITIS_LOOP_35_4" BUNDLEDNAME="" DSP="0" BRAM="0" URAM="0" USAGE="" STORAGESUBTYPE="" STORAGESIZE=""/>
	<BindNode BINDTYPE="op" DISPLAY="bind_op icmp" ID="" IMPL="auto" LATENCY="0" OPTYPE="icmp" PRAGMA="" RTLNAME="icmp_ln35_fu_217_p2" SOURCE="HLS_examen/sources/hls_examen.c:35" VARIABLE="icmp_ln35" MODULE="ImageTransform_Pipeline_VITIS_LOOP_34_3_VITIS_LOOP_35_4" LOOP="VITIS_LOOP_34_3_VITIS_LOOP_35_4" BUNDLEDNAME="" DSP="0" BRAM="0" URAM="0" USAGE="" STORAGESUBTYPE="" STORAGESIZE=""/>
	<BindNode BINDTYPE="op" DISPLAY="bind_op select" ID="" IMPL="auto_sel" LATENCY="0" OPTYPE="select" PRAGMA="" RTLNAME="select_ln31_fu_228_p3" SOURCE="HLS_examen/sources/hls_examen.c:31" VARIABLE="select_ln31" MODULE="ImageTransform_Pipeline_VITIS_LOOP_34_3_VITIS_LOOP_35_4" LOOP="VITIS_LOOP_34_3_VITIS_LOOP_35_4" BUNDLEDNAME="" DSP="0" BRAM="0" URAM="0" USAGE="" STORAGESUBTYPE="" STORAGESIZE=""/>
	<BindNode BINDTYPE="op" DISPLAY="bind_op add" ID="" IMPL="fabric" LATENCY="0" OPTYPE="add" PRAGMA="" RTLNAME="add_ln34_1_fu_222_p2" SOURCE="HLS_examen/sources/hls_examen.c:34" VARIABLE="add_ln34_1" MODULE="ImageTransform_Pipeline_VITIS_LOOP_34_3_VITIS_LOOP_35_4" LOOP="VITIS_LOOP_34_3_VITIS_LOOP_35_4" BUNDLEDNAME="" DSP="0" BRAM="0" URAM="0" USAGE="" STORAGESUBTYPE="" STORAGESIZE=""/>
	<BindNode BINDTYPE="op" DISPLAY="bind_op select" ID="" IMPL="auto_sel" LATENCY="0" OPTYPE="select" PRAGMA="" RTLNAME="select_ln34_fu_234_p3" SOURCE="HLS_examen/sources/hls_examen.c:34" VARIABLE="select_ln34" MODULE="ImageTransform_Pipeline_VITIS_LOOP_34_3_VITIS_LOOP_35_4" LOOP="VITIS_LOOP_34_3_VITIS_LOOP_35_4" BUNDLEDNAME="" DSP="0" BRAM="0" URAM="0" USAGE="" STORAGESUBTYPE="" STORAGESIZE=""/>
	<BindNode BINDTYPE="op" DISPLAY="bind_op sub" ID="" IMPL="fabric" LATENCY="0" OPTYPE="sub" PRAGMA="" RTLNAME="sub_ln34_fu_251_p2" SOURCE="HLS_examen/sources/hls_examen.c:34" VARIABLE="sub_ln34" MODULE="ImageTransform_Pipeline_VITIS_LOOP_34_3_VITIS_LOOP_35_4" LOOP="VITIS_LOOP_34_3_VITIS_LOOP_35_4" BUNDLEDNAME="" DSP="0" BRAM="0" URAM="0" USAGE="" STORAGESUBTYPE="" STORAGESIZE=""/>
	<BindNode BINDTYPE="op" DISPLAY="bind_op add" ID="" IMPL="fabric" LATENCY="0" OPTYPE="add" PRAGMA="" RTLNAME="sumR_1_fu_313_p2" SOURCE="HLS_examen/sources/hls_examen.c:37" VARIABLE="sumR_1" MODULE="ImageTransform_Pipeline_VITIS_LOOP_34_3_VITIS_LOOP_35_4" LOOP="VITIS_LOOP_34_3_VITIS_LOOP_35_4" BUNDLEDNAME="" DSP="0" BRAM="0" URAM="0" USAGE="" STORAGESUBTYPE="" STORAGESIZE=""/>
	<BindNode BINDTYPE="op" DISPLAY="bind_op add" ID="" IMPL="fabric" LATENCY="0" OPTYPE="add" PRAGMA="" RTLNAME="sumG_1_fu_331_p2" SOURCE="HLS_examen/sources/hls_examen.c:38" VARIABLE="sumG_1" MODULE="ImageTransform_Pipeline_VITIS_LOOP_34_3_VITIS_LOOP_35_4" LOOP="VITIS_LOOP_34_3_VITIS_LOOP_35_4" BUNDLEDNAME="" DSP="0" BRAM="0" URAM="0" USAGE="" STORAGESUBTYPE="" STORAGESIZE=""/>
	<BindNode BINDTYPE="op" DISPLAY="bind_op add" ID="" IMPL="fabric" LATENCY="0" OPTYPE="add" PRAGMA="" RTLNAME="sumB_1_fu_349_p2" SOURCE="HLS_examen/sources/hls_examen.c:39" VARIABLE="sumB_1" MODULE="ImageTransform_Pipeline_VITIS_LOOP_34_3_VITIS_LOOP_35_4" LOOP="VITIS_LOOP_34_3_VITIS_LOOP_35_4" BUNDLEDNAME="" DSP="0" BRAM="0" URAM="0" USAGE="" STORAGESUBTYPE="" STORAGESIZE=""/>
	<BindNode BINDTYPE="op" DISPLAY="bind_op add" ID="" IMPL="fabric" LATENCY="0" OPTYPE="add" PRAGMA="" RTLNAME="add_ln35_2_fu_281_p2" SOURCE="HLS_examen/sources/hls_examen.c:35" VARIABLE="add_ln35_2" MODULE="ImageTransform_Pipeline_VITIS_LOOP_34_3_VITIS_LOOP_35_4" LOOP="VITIS_LOOP_34_3_VITIS_LOOP_35_4" BUNDLEDNAME="" DSP="0" BRAM="0" URAM="0" USAGE="" STORAGESUBTYPE="" STORAGESIZE=""/>
	<BindNode BINDTYPE="op" DISPLAY="bind_op icmp" ID="" IMPL="auto" LATENCY="0" OPTYPE="icmp" PRAGMA="" RTLNAME="icmp_ln52_fu_190_p2" SOURCE="HLS_examen/sources/hls_examen.c:52" VARIABLE="icmp_ln52" MODULE="ImageTransform_Pipeline_VITIS_LOOP_52_5_VITIS_LOOP_53_6" LOOP="VITIS_LOOP_52_5_VITIS_LOOP_53_6" BUNDLEDNAME="" DSP="0" BRAM="0" URAM="0" USAGE="" STORAGESUBTYPE="" STORAGESIZE=""/>
	<BindNode BINDTYPE="op" DISPLAY="bind_op add" ID="" IMPL="fabric" LATENCY="0" OPTYPE="add" PRAGMA="" RTLNAME="add_ln52_fu_195_p2" SOURCE="HLS_examen/sources/hls_examen.c:52" VARIABLE="add_ln52" MODULE="ImageTransform_Pipeline_VITIS_LOOP_52_5_VITIS_LOOP_53_6" LOOP="VITIS_LOOP_52_5_VITIS_LOOP_53_6" BUNDLEDNAME="" DSP="0" BRAM="0" URAM="0" USAGE="" STORAGESUBTYPE="" STORAGESIZE=""/>
	<BindNode BINDTYPE="op" DISPLAY="bind_op icmp" ID="" IMPL="auto" LATENCY="0" OPTYPE="icmp" PRAGMA="" RTLNAME="icmp_ln53_fu_207_p2" SOURCE="HLS_examen/sources/hls_examen.c:53" VARIABLE="icmp_ln53" MODULE="ImageTransform_Pipeline_VITIS_LOOP_52_5_VITIS_LOOP_53_6" LOOP="VITIS_LOOP_52_5_VITIS_LOOP_53_6" BUNDLEDNAME="" DSP="0" BRAM="0" URAM="0" USAGE="" STORAGESUBTYPE="" STORAGESIZE=""/>
	<BindNode BINDTYPE="op" DISPLAY="bind_op select" ID="" IMPL="auto_sel" LATENCY="0" OPTYPE="select" PRAGMA="" RTLNAME="select_ln53_fu_218_p3" SOURCE="HLS_examen/sources/hls_examen.c:53" VARIABLE="select_ln53" MODULE="ImageTransform_Pipeline_VITIS_LOOP_52_5_VITIS_LOOP_53_6" LOOP="VITIS_LOOP_52_5_VITIS_LOOP_53_6" BUNDLEDNAME="" DSP="0" BRAM="0" URAM="0" USAGE="" STORAGESUBTYPE="" STORAGESIZE=""/>
	<BindNode BINDTYPE="op" DISPLAY="bind_op add" ID="" IMPL="fabric" LATENCY="0" OPTYPE="add" PRAGMA="" RTLNAME="add_ln52_1_fu_212_p2" SOURCE="HLS_examen/sources/hls_examen.c:52" VARIABLE="add_ln52_1" MODULE="ImageTransform_Pipeline_VITIS_LOOP_52_5_VITIS_LOOP_53_6" LOOP="VITIS_LOOP_52_5_VITIS_LOOP_53_6" BUNDLEDNAME="" DSP="0" BRAM="0" URAM="0" USAGE="" STORAGESUBTYPE="" STORAGESIZE=""/>
	<BindNode BINDTYPE="op" DISPLAY="bind_op select" ID="" IMPL="auto_sel" LATENCY="0" OPTYPE="select" PRAGMA="" RTLNAME="select_ln52_fu_224_p3" SOURCE="HLS_examen/sources/hls_examen.c:52" VARIABLE="select_ln52" MODULE="ImageTransform_Pipeline_VITIS_LOOP_52_5_VITIS_LOOP_53_6" LOOP="VITIS_LOOP_52_5_VITIS_LOOP_53_6" BUNDLEDNAME="" DSP="0" BRAM="0" URAM="0" USAGE="" STORAGESUBTYPE="" STORAGESIZE=""/>
	<BindNode BINDTYPE="op" DISPLAY="bind_op sub" ID="" IMPL="fabric" LATENCY="0" OPTYPE="sub" PRAGMA="" RTLNAME="sub_ln52_fu_241_p2" SOURCE="HLS_examen/sources/hls_examen.c:52" VARIABLE="sub_ln52" MODULE="ImageTransform_Pipeline_VITIS_LOOP_52_5_VITIS_LOOP_53_6" LOOP="VITIS_LOOP_52_5_VITIS_LOOP_53_6" BUNDLEDNAME="" DSP="0" BRAM="0" URAM="0" USAGE="" STORAGESUBTYPE="" STORAGESIZE=""/>
	<BindNode BINDTYPE="op" DISPLAY="bind_op add" ID="" IMPL="fabric" LATENCY="0" OPTYPE="add" PRAGMA="" RTLNAME="add_ln53_2_fu_271_p2" SOURCE="HLS_examen/sources/hls_examen.c:53" VARIABLE="add_ln53_2" MODULE="ImageTransform_Pipeline_VITIS_LOOP_52_5_VITIS_LOOP_53_6" LOOP="VITIS_LOOP_52_5_VITIS_LOOP_53_6" BUNDLEDNAME="" DSP="0" BRAM="0" URAM="0" USAGE="" STORAGESUBTYPE="" STORAGESIZE=""/>
	<BindNode BINDTYPE="op" DISPLAY="bind_op icmp" ID="" IMPL="auto" LATENCY="0" OPTYPE="icmp" PRAGMA="" RTLNAME="icmp_ln26_fu_423_p2" SOURCE="HLS_examen/sources/hls_examen.c:26" VARIABLE="icmp_ln26" MODULE="ImageTransform" LOOP="VITIS_LOOP_26_1_VITIS_LOOP_27_2" BUNDLEDNAME="" DSP="0" BRAM="0" URAM="0" USAGE="" STORAGESUBTYPE="" STORAGESIZE=""/>
	<BindNode BINDTYPE="op" DISPLAY="bind_op select" ID="" IMPL="auto_sel" LATENCY="0" OPTYPE="select" PRAGMA="" RTLNAME="select_ln26_fu_428_p3" SOURCE="HLS_examen/sources/hls_examen.c:26" VARIABLE="select_ln26" MODULE="ImageTransform" LOOP="VITIS_LOOP_26_1_VITIS_LOOP_27_2" BUNDLEDNAME="" DSP="0" BRAM="0" URAM="0" USAGE="" STORAGESUBTYPE="" STORAGESIZE=""/>
	<BindNode BINDTYPE="op" DISPLAY="bind_op sub" ID="" IMPL="fabric" LATENCY="0" OPTYPE="sub" PRAGMA="" RTLNAME="sub_ln26_fu_439_p2" SOURCE="HLS_examen/sources/hls_examen.c:26" VARIABLE="sub_ln26" MODULE="ImageTransform" LOOP="VITIS_LOOP_26_1_VITIS_LOOP_27_2" BUNDLEDNAME="" DSP="0" BRAM="0" URAM="0" USAGE="" STORAGESUBTYPE="" STORAGESIZE=""/>
	<BindNode BINDTYPE="op" DISPLAY="bind_op icmp" ID="" IMPL="auto" LATENCY="0" OPTYPE="icmp" PRAGMA="" RTLNAME="icmp_ln26_1_fu_445_p2" SOURCE="HLS_examen/sources/hls_examen.c:26" VARIABLE="icmp_ln26_1" MODULE="ImageTransform" LOOP="VITIS_LOOP_26_1_VITIS_LOOP_27_2" BUNDLEDNAME="" DSP="0" BRAM="0" URAM="0" USAGE="" STORAGESUBTYPE="" STORAGESIZE=""/>
	<BindNode BINDTYPE="op" DISPLAY="bind_op select" ID="" IMPL="auto_sel" LATENCY="0" OPTYPE="select" PRAGMA="" RTLNAME="select_ln26_1_fu_450_p3" SOURCE="HLS_examen/sources/hls_examen.c:26" VARIABLE="select_ln26_1" MODULE="ImageTransform" LOOP="VITIS_LOOP_26_1_VITIS_LOOP_27_2" BUNDLEDNAME="" DSP="0" BRAM="0" URAM="0" USAGE="" STORAGESUBTYPE="" STORAGESIZE=""/>
	<BindNode BINDTYPE="op" DISPLAY="bind_op sub" ID="" IMPL="fabric" LATENCY="0" OPTYPE="sub" PRAGMA="" RTLNAME="sub_ln26_1_fu_461_p2" SOURCE="HLS_examen/sources/hls_examen.c:26" VARIABLE="sub_ln26_1" MODULE="ImageTransform" LOOP="VITIS_LOOP_26_1_VITIS_LOOP_27_2" BUNDLEDNAME="" DSP="0" BRAM="0" URAM="0" USAGE="" STORAGESUBTYPE="" STORAGESIZE=""/>
	<BindNode BINDTYPE="op" DISPLAY="bind_op icmp" ID="" IMPL="auto" LATENCY="0" OPTYPE="icmp" PRAGMA="" RTLNAME="icmp_ln26_2_fu_467_p2" SOURCE="HLS_examen/sources/hls_examen.c:26" VARIABLE="icmp_ln26_2" MODULE="ImageTransform" LOOP="VITIS_LOOP_26_1_VITIS_LOOP_27_2" BUNDLEDNAME="" DSP="0" BRAM="0" URAM="0" USAGE="" STORAGESUBTYPE="" STORAGESIZE=""/>
	<BindNode BINDTYPE="op" DISPLAY="bind_op select" ID="" IMPL="auto_sel" LATENCY="0" OPTYPE="select" PRAGMA="" RTLNAME="select_ln26_2_fu_473_p3" SOURCE="HLS_examen/sources/hls_examen.c:26" VARIABLE="select_ln26_2" MODULE="ImageTransform" LOOP="VITIS_LOOP_26_1_VITIS_LOOP_27_2" BUNDLEDNAME="" DSP="0" BRAM="0" URAM="0" USAGE="" STORAGESUBTYPE="" STORAGESIZE=""/>
	<BindNode BINDTYPE="op" DISPLAY="bind_op sub" ID="" IMPL="fabric" LATENCY="0" OPTYPE="sub" PRAGMA="" RTLNAME="empty_fu_409_p2" SOURCE="HLS_examen/sources/hls_examen.c:26" VARIABLE="empty" MODULE="ImageTransform" LOOP="VITIS_LOOP_26_1_VITIS_LOOP_27_2" BUNDLEDNAME="" DSP="0" BRAM="0" URAM="0" USAGE="" STORAGESUBTYPE="" STORAGESIZE=""/>
	<BindNode BINDTYPE="op" DISPLAY="bind_op sitodp" ID="" IMPL="auto" LATENCY="6" OPTYPE="sitodp" PRAGMA="" RTLNAME="sitodp_32ns_64_7_no_dsp_1_U68" SOURCE="HLS_examen/sources/hls_examen.c:26" VARIABLE="x_assign" MODULE="ImageTransform" LOOP="VITIS_LOOP_26_1_VITIS_LOOP_27_2" BUNDLEDNAME="" DSP="0" BRAM="0" URAM="0" USAGE="" STORAGESUBTYPE="" STORAGESIZE=""/>
	<BindNode BINDTYPE="op" DISPLAY="bind_op icmp" ID="" IMPL="auto" LATENCY="0" OPTYPE="icmp" PRAGMA="" RTLNAME="icmp_ln26_3_fu_481_p2" SOURCE="HLS_examen/sources/hls_examen.c:26" VARIABLE="icmp_ln26_3" MODULE="ImageTransform" LOOP="VITIS_LOOP_26_1_VITIS_LOOP_27_2" BUNDLEDNAME="" DSP="0" BRAM="0" URAM="0" USAGE="" STORAGESUBTYPE="" STORAGESIZE=""/>
	<BindNode BINDTYPE="op" DISPLAY="bind_op add" ID="" IMPL="fabric" LATENCY="0" OPTYPE="add" PRAGMA="" RTLNAME="add_ln26_fu_487_p2" SOURCE="HLS_examen/sources/hls_examen.c:26" VARIABLE="add_ln26" MODULE="ImageTransform" LOOP="VITIS_LOOP_26_1_VITIS_LOOP_27_2" BUNDLEDNAME="" DSP="0" BRAM="0" URAM="0" USAGE="" STORAGESUBTYPE="" STORAGESIZE=""/>
	<BindNode BINDTYPE="op" DISPLAY="bind_op icmp" ID="" IMPL="auto" LATENCY="0" OPTYPE="icmp" PRAGMA="" RTLNAME="icmp_ln27_3_fu_499_p2" SOURCE="HLS_examen/sources/hls_examen.c:27" VARIABLE="icmp_ln27_3" MODULE="ImageTransform" LOOP="VITIS_LOOP_26_1_VITIS_LOOP_27_2" BUNDLEDNAME="" DSP="0" BRAM="0" URAM="0" USAGE="" STORAGESUBTYPE="" STORAGESIZE=""/>
	<BindNode BINDTYPE="op" DISPLAY="bind_op select" ID="" IMPL="auto_sel" LATENCY="0" OPTYPE="select" PRAGMA="" RTLNAME="select_ln63_fu_505_p3" SOURCE="HLS_examen/sources/hls_examen.c:63" VARIABLE="select_ln63" MODULE="ImageTransform" LOOP="VITIS_LOOP_26_1_VITIS_LOOP_27_2" BUNDLEDNAME="" DSP="0" BRAM="0" URAM="0" USAGE="" STORAGESUBTYPE="" STORAGESIZE=""/>
	<BindNode BINDTYPE="op" DISPLAY="bind_op select" ID="" IMPL="auto_sel" LATENCY="0" OPTYPE="select" PRAGMA="" RTLNAME="select_ln63_1_fu_653_p3" SOURCE="HLS_examen/sources/hls_examen.c:63" VARIABLE="select_ln63_1" MODULE="ImageTransform" LOOP="VITIS_LOOP_26_1_VITIS_LOOP_27_2" BUNDLEDNAME="" DSP="0" BRAM="0" URAM="0" USAGE="" STORAGESUBTYPE="" STORAGESIZE=""/>
	<BindNode BINDTYPE="op" DISPLAY="bind_op select" ID="" IMPL="auto_sel" LATENCY="0" OPTYPE="select" PRAGMA="" RTLNAME="select_ln63_2_fu_696_p3" SOURCE="HLS_examen/sources/hls_examen.c:63" VARIABLE="select_ln63_2" MODULE="ImageTransform" LOOP="VITIS_LOOP_26_1_VITIS_LOOP_27_2" BUNDLEDNAME="" DSP="0" BRAM="0" URAM="0" USAGE="" STORAGESUBTYPE="" STORAGESIZE=""/>
	<BindNode BINDTYPE="op" DISPLAY="bind_op select" ID="" IMPL="auto_sel" LATENCY="0" OPTYPE="select" PRAGMA="" RTLNAME="select_ln63_3_fu_660_p3" SOURCE="HLS_examen/sources/hls_examen.c:63" VARIABLE="select_ln63_3" MODULE="ImageTransform" LOOP="VITIS_LOOP_26_1_VITIS_LOOP_27_2" BUNDLEDNAME="" DSP="0" BRAM="0" URAM="0" USAGE="" STORAGESUBTYPE="" STORAGESIZE=""/>
	<BindNode BINDTYPE="op" DISPLAY="bind_op add" ID="" IMPL="fabric" LATENCY="0" OPTYPE="add" PRAGMA="" RTLNAME="add_ln26_1_fu_513_p2" SOURCE="HLS_examen/sources/hls_examen.c:26" VARIABLE="add_ln26_1" MODULE="ImageTransform" LOOP="VITIS_LOOP_26_1_VITIS_LOOP_27_2" BUNDLEDNAME="" DSP="0" BRAM="0" URAM="0" USAGE="" STORAGESUBTYPE="" STORAGESIZE=""/>
	<BindNode BINDTYPE="op" DISPLAY="bind_op add" ID="" IMPL="fabric" LATENCY="0" OPTYPE="add" PRAGMA="" RTLNAME="add_ln26_2_fu_518_p2" SOURCE="HLS_examen/sources/hls_examen.c:26" VARIABLE="add_ln26_2" MODULE="ImageTransform" LOOP="VITIS_LOOP_26_1_VITIS_LOOP_27_2" BUNDLEDNAME="" DSP="0" BRAM="0" URAM="0" USAGE="" STORAGESUBTYPE="" STORAGESIZE=""/>
	<BindNode BINDTYPE="op" DISPLAY="bind_op icmp" ID="" IMPL="auto" LATENCY="0" OPTYPE="icmp" PRAGMA="" RTLNAME="icmp_ln26_4_fu_524_p2" SOURCE="HLS_examen/sources/hls_examen.c:26" VARIABLE="icmp_ln26_4" MODULE="ImageTransform" LOOP="VITIS_LOOP_26_1_VITIS_LOOP_27_2" BUNDLEDNAME="" DSP="0" BRAM="0" URAM="0" USAGE="" STORAGESUBTYPE="" STORAGESIZE=""/>
	<BindNode BINDTYPE="op" DISPLAY="bind_op select" ID="" IMPL="auto_sel" LATENCY="0" OPTYPE="select" PRAGMA="" RTLNAME="select_ln26_3_fu_530_p3" SOURCE="HLS_examen/sources/hls_examen.c:26" VARIABLE="select_ln26_3" MODULE="ImageTransform" LOOP="VITIS_LOOP_26_1_VITIS_LOOP_27_2" BUNDLEDNAME="" DSP="0" BRAM="0" URAM="0" USAGE="" STORAGESUBTYPE="" STORAGESIZE=""/>
	<BindNode BINDTYPE="op" DISPLAY="bind_op add" ID="" IMPL="fabric" LATENCY="0" OPTYPE="add" PRAGMA="" RTLNAME="add_ln26_3_fu_542_p2" SOURCE="HLS_examen/sources/hls_examen.c:26" VARIABLE="add_ln26_3" MODULE="ImageTransform" LOOP="VITIS_LOOP_26_1_VITIS_LOOP_27_2" BUNDLEDNAME="" DSP="0" BRAM="0" URAM="0" USAGE="" STORAGESUBTYPE="" STORAGESIZE=""/>
	<BindNode BINDTYPE="op" DISPLAY="bind_op sub" ID="" IMPL="fabric" LATENCY="0" OPTYPE="sub" PRAGMA="" RTLNAME="sub_ln26_2_fu_548_p2" SOURCE="HLS_examen/sources/hls_examen.c:26" VARIABLE="sub_ln26_2" MODULE="ImageTransform" LOOP="VITIS_LOOP_26_1_VITIS_LOOP_27_2" BUNDLEDNAME="" DSP="0" BRAM="0" URAM="0" USAGE="" STORAGESUBTYPE="" STORAGESIZE=""/>
	<BindNode BINDTYPE="op" DISPLAY="bind_op icmp" ID="" IMPL="auto" LATENCY="0" OPTYPE="icmp" PRAGMA="" RTLNAME="icmp_ln26_5_fu_554_p2" SOURCE="HLS_examen/sources/hls_examen.c:26" VARIABLE="icmp_ln26_5" MODULE="ImageTransform" LOOP="VITIS_LOOP_26_1_VITIS_LOOP_27_2" BUNDLEDNAME="" DSP="0" BRAM="0" URAM="0" USAGE="" STORAGESUBTYPE="" STORAGESIZE=""/>
	<BindNode BINDTYPE="op" DISPLAY="bind_op select" ID="" IMPL="auto_sel" LATENCY="0" OPTYPE="select" PRAGMA="" RTLNAME="select_ln26_4_fu_560_p3" SOURCE="HLS_examen/sources/hls_examen.c:26" VARIABLE="select_ln26_4" MODULE="ImageTransform" LOOP="VITIS_LOOP_26_1_VITIS_LOOP_27_2" BUNDLEDNAME="" DSP="0" BRAM="0" URAM="0" USAGE="" STORAGESUBTYPE="" STORAGESIZE=""/>
	<BindNode BINDTYPE="op" DISPLAY="bind_op sub" ID="" IMPL="fabric" LATENCY="0" OPTYPE="sub" PRAGMA="" RTLNAME="sub_ln26_3_fu_572_p2" SOURCE="HLS_examen/sources/hls_examen.c:26" VARIABLE="sub_ln26_3" MODULE="ImageTransform" LOOP="VITIS_LOOP_26_1_VITIS_LOOP_27_2" BUNDLEDNAME="" DSP="0" BRAM="0" URAM="0" USAGE="" STORAGESUBTYPE="" STORAGESIZE=""/>
	<BindNode BINDTYPE="op" DISPLAY="bind_op icmp" ID="" IMPL="auto" LATENCY="0" OPTYPE="icmp" PRAGMA="" RTLNAME="icmp_ln26_6_fu_619_p2" SOURCE="HLS_examen/sources/hls_examen.c:26" VARIABLE="icmp_ln26_6" MODULE="ImageTransform" LOOP="VITIS_LOOP_26_1_VITIS_LOOP_27_2" BUNDLEDNAME="" DSP="0" BRAM="0" URAM="0" USAGE="" STORAGESUBTYPE="" STORAGESIZE=""/>
	<BindNode BINDTYPE="op" DISPLAY="bind_op select" ID="" IMPL="auto_sel" LATENCY="0" OPTYPE="select" PRAGMA="" RTLNAME="select_ln26_5_fu_623_p3" SOURCE="HLS_examen/sources/hls_examen.c:26" VARIABLE="select_ln26_5" MODULE="ImageTransform" LOOP="VITIS_LOOP_26_1_VITIS_LOOP_27_2" BUNDLEDNAME="" DSP="0" BRAM="0" URAM="0" USAGE="" STORAGESUBTYPE="" STORAGESIZE=""/>
	<BindNode BINDTYPE="op" DISPLAY="bind_op select" ID="" IMPL="auto_sel" LATENCY="0" OPTYPE="select" PRAGMA="" RTLNAME="select_ln63_4_fu_629_p3" SOURCE="HLS_examen/sources/hls_examen.c:63" VARIABLE="select_ln63_4" MODULE="ImageTransform" LOOP="VITIS_LOOP_26_1_VITIS_LOOP_27_2" BUNDLEDNAME="" DSP="0" BRAM="0" URAM="0" USAGE="" STORAGESUBTYPE="" STORAGESIZE=""/>
	<BindNode BINDTYPE="op" DISPLAY="bind_op xor" ID="" IMPL="auto" LATENCY="0" OPTYPE="xor" PRAGMA="" RTLNAME="xor_ln63_fu_635_p2" SOURCE="HLS_examen/sources/hls_examen.c:63" VARIABLE="xor_ln63" MODULE="ImageTransform" LOOP="VITIS_LOOP_26_1_VITIS_LOOP_27_2" BUNDLEDNAME="" DSP="0" BRAM="0" URAM="0" USAGE="" STORAGESUBTYPE="" STORAGESIZE=""/>
	<BindNode BINDTYPE="op" DISPLAY="bind_op add" ID="" IMPL="fabric" LATENCY="0" OPTYPE="add" PRAGMA="" RTLNAME="add_ln26_4_fu_666_p2" SOURCE="HLS_examen/sources/hls_examen.c:26" VARIABLE="add_ln26_4" MODULE="ImageTransform" LOOP="VITIS_LOOP_26_1_VITIS_LOOP_27_2" BUNDLEDNAME="" DSP="0" BRAM="0" URAM="0" USAGE="" STORAGESUBTYPE="" STORAGESIZE=""/>
	<BindNode BINDTYPE="op" DISPLAY="bind_op select" ID="" IMPL="auto_sel" LATENCY="0" OPTYPE="select" PRAGMA="" RTLNAME="select_ln63_5_fu_672_p3" SOURCE="HLS_examen/sources/hls_examen.c:63" VARIABLE="select_ln63_5" MODULE="ImageTransform" LOOP="VITIS_LOOP_26_1_VITIS_LOOP_27_2" BUNDLEDNAME="" DSP="0" BRAM="0" URAM="0" USAGE="" STORAGESUBTYPE="" STORAGESIZE=""/>
	<BindNode BINDTYPE="op" DISPLAY="bind_op mul" ID="" IMPL="auto" LATENCY="0" OPTYPE="mul" PRAGMA="" RTLNAME="mul_6ns_16ns_21_1_1_U72" SOURCE="HLS_examen/sources/hls_examen.c:63" VARIABLE="mul_ln63" MODULE="ImageTransform" LOOP="VITIS_LOOP_26_1_VITIS_LOOP_27_2" BUNDLEDNAME="" DSP="1" BRAM="0" URAM="0" USAGE="" STORAGESUBTYPE="" STORAGESIZE=""/>
	<BindNode BINDTYPE="op" DISPLAY="bind_op sub" ID="" IMPL="fabric" LATENCY="0" OPTYPE="sub" PRAGMA="" RTLNAME="p_mid121_fu_582_p2" SOURCE="HLS_examen/sources/hls_examen.c:26" VARIABLE="p_mid121" MODULE="ImageTransform" LOOP="VITIS_LOOP_26_1_VITIS_LOOP_27_2" BUNDLEDNAME="" DSP="0" BRAM="0" URAM="0" USAGE="" STORAGESUBTYPE="" STORAGESIZE=""/>
	<BindNode BINDTYPE="op" DISPLAY="bind_op sitodp" ID="" IMPL="auto" LATENCY="6" OPTYPE="sitodp" PRAGMA="" RTLNAME="sitodp_32ns_64_7_no_dsp_1_U68" SOURCE="HLS_examen/sources/hls_examen.c:26" VARIABLE="x_assign_mid1" MODULE="ImageTransform" LOOP="VITIS_LOOP_26_1_VITIS_LOOP_27_2" BUNDLEDNAME="" DSP="0" BRAM="0" URAM="0" USAGE="" STORAGESUBTYPE="" STORAGESIZE=""/>
	<BindNode BINDTYPE="op" DISPLAY="bind_op select" ID="" IMPL="auto_sel" LATENCY="0" OPTYPE="select" PRAGMA="" RTLNAME="select_ln63_6_fu_641_p3" SOURCE="HLS_examen/sources/hls_examen.c:63" VARIABLE="select_ln63_6" MODULE="ImageTransform" LOOP="VITIS_LOOP_26_1_VITIS_LOOP_27_2" BUNDLEDNAME="" DSP="0" BRAM="0" URAM="0" USAGE="" STORAGESUBTYPE="" STORAGESIZE=""/>
	<BindNode BINDTYPE="op" DISPLAY="bind_op select" ID="" IMPL="auto_sel" LATENCY="0" OPTYPE="select" PRAGMA="" RTLNAME="select_ln26_6_fu_587_p3" SOURCE="HLS_examen/sources/hls_examen.c:26" VARIABLE="select_ln26_6" MODULE="ImageTransform" LOOP="VITIS_LOOP_26_1_VITIS_LOOP_27_2" BUNDLEDNAME="" DSP="0" BRAM="0" URAM="0" USAGE="" STORAGESUBTYPE="" STORAGESIZE=""/>
	<BindNode BINDTYPE="op" DISPLAY="bind_op select" ID="" IMPL="auto_sel" LATENCY="0" OPTYPE="select" PRAGMA="" RTLNAME="select_ln26_7_fu_594_p3" SOURCE="HLS_examen/sources/hls_examen.c:26" VARIABLE="select_ln26_7" MODULE="ImageTransform" LOOP="VITIS_LOOP_26_1_VITIS_LOOP_27_2" BUNDLEDNAME="" DSP="0" BRAM="0" URAM="0" USAGE="" STORAGESUBTYPE="" STORAGESIZE=""/>
	<BindNode BINDTYPE="op" DISPLAY="bind_op select" ID="" IMPL="auto_sel" LATENCY="0" OPTYPE="select" PRAGMA="" RTLNAME="select_ln26_8_fu_602_p3" SOURCE="HLS_examen/sources/hls_examen.c:26" VARIABLE="select_ln26_8" MODULE="ImageTransform" LOOP="VITIS_LOOP_26_1_VITIS_LOOP_27_2" BUNDLEDNAME="" DSP="0" BRAM="0" URAM="0" USAGE="" STORAGESUBTYPE="" STORAGESIZE=""/>
	<BindNode BINDTYPE="op" DISPLAY="bind_op icmp" ID="" IMPL="auto" LATENCY="0" OPTYPE="icmp" PRAGMA="" RTLNAME="icmp_ln27_fu_683_p2" SOURCE="HLS_examen/sources/hls_examen.c:27" VARIABLE="icmp_ln27" MODULE="ImageTransform" LOOP="VITIS_LOOP_26_1_VITIS_LOOP_27_2" BUNDLEDNAME="" DSP="0" BRAM="0" URAM="0" USAGE="" STORAGESUBTYPE="" STORAGESIZE=""/>
	<BindNode BINDTYPE="op" DISPLAY="bind_op select" ID="" IMPL="auto_sel" LATENCY="0" OPTYPE="select" PRAGMA="" RTLNAME="select_ln27_fu_712_p3" SOURCE="HLS_examen/sources/hls_examen.c:27" VARIABLE="select_ln27" MODULE="ImageTransform" LOOP="VITIS_LOOP_26_1_VITIS_LOOP_27_2" BUNDLEDNAME="" DSP="0" BRAM="0" URAM="0" USAGE="" STORAGESUBTYPE="" STORAGESIZE=""/>
	<BindNode BINDTYPE="op" DISPLAY="bind_op sub" ID="" IMPL="fabric" LATENCY="0" OPTYPE="sub" PRAGMA="" RTLNAME="sub_ln27_fu_721_p2" SOURCE="HLS_examen/sources/hls_examen.c:27" VARIABLE="sub_ln27" MODULE="ImageTransform" LOOP="VITIS_LOOP_26_1_VITIS_LOOP_27_2" BUNDLEDNAME="" DSP="0" BRAM="0" URAM="0" USAGE="" STORAGESUBTYPE="" STORAGESIZE=""/>
	<BindNode BINDTYPE="op" DISPLAY="bind_op icmp" ID="" IMPL="auto" LATENCY="0" OPTYPE="icmp" PRAGMA="" RTLNAME="icmp_ln27_1_fu_688_p2" SOURCE="HLS_examen/sources/hls_examen.c:27" VARIABLE="icmp_ln27_1" MODULE="ImageTransform" LOOP="VITIS_LOOP_26_1_VITIS_LOOP_27_2" BUNDLEDNAME="" DSP="0" BRAM="0" URAM="0" USAGE="" STORAGESUBTYPE="" STORAGESIZE=""/>
	<BindNode BINDTYPE="op" DISPLAY="bind_op select" ID="" IMPL="auto_sel" LATENCY="0" OPTYPE="select" PRAGMA="" RTLNAME="select_ln27_1_fu_727_p3" SOURCE="HLS_examen/sources/hls_examen.c:27" VARIABLE="select_ln27_1" MODULE="ImageTransform" LOOP="VITIS_LOOP_26_1_VITIS_LOOP_27_2" BUNDLEDNAME="" DSP="0" BRAM="0" URAM="0" USAGE="" STORAGESUBTYPE="" STORAGESIZE=""/>
	<BindNode BINDTYPE="op" DISPLAY="bind_op sub" ID="" IMPL="fabric" LATENCY="0" OPTYPE="sub" PRAGMA="" RTLNAME="sub_ln27_1_fu_737_p2" SOURCE="HLS_examen/sources/hls_examen.c:27" VARIABLE="sub_ln27_1" MODULE="ImageTransform" LOOP="VITIS_LOOP_26_1_VITIS_LOOP_27_2" BUNDLEDNAME="" DSP="0" BRAM="0" URAM="0" USAGE="" STORAGESUBTYPE="" STORAGESIZE=""/>
	<BindNode BINDTYPE="op" DISPLAY="bind_op icmp" ID="" IMPL="auto" LATENCY="0" OPTYPE="icmp" PRAGMA="" RTLNAME="icmp_ln27_2_fu_743_p2" SOURCE="HLS_examen/sources/hls_examen.c:27" VARIABLE="icmp_ln27_2" MODULE="ImageTransform" LOOP="VITIS_LOOP_26_1_VITIS_LOOP_27_2" BUNDLEDNAME="" DSP="0" BRAM="0" URAM="0" USAGE="" STORAGESUBTYPE="" STORAGESIZE=""/>
	<BindNode BINDTYPE="op" DISPLAY="bind_op select" ID="" IMPL="auto_sel" LATENCY="0" OPTYPE="select" PRAGMA="" RTLNAME="select_ln27_2_fu_749_p3" SOURCE="HLS_examen/sources/hls_examen.c:27" VARIABLE="select_ln27_2" MODULE="ImageTransform" LOOP="VITIS_LOOP_26_1_VITIS_LOOP_27_2" BUNDLEDNAME="" DSP="0" BRAM="0" URAM="0" USAGE="" STORAGESUBTYPE="" STORAGESIZE=""/>
	<BindNode BINDTYPE="op" DISPLAY="bind_op xor" ID="" IMPL="auto" LATENCY="0" OPTYPE="xor" PRAGMA="" RTLNAME="xor_ln27_fu_757_p2" SOURCE="HLS_examen/sources/hls_examen.c:27" VARIABLE="xor_ln27" MODULE="ImageTransform" LOOP="VITIS_LOOP_26_1_VITIS_LOOP_27_2" BUNDLEDNAME="" DSP="0" BRAM="0" URAM="0" USAGE="" STORAGESUBTYPE="" STORAGESIZE=""/>
	<BindNode BINDTYPE="op" DISPLAY="bind_op mul" ID="" IMPL="auto" LATENCY="0" OPTYPE="mul" PRAGMA="" RTLNAME="mul_11s_11s_22_1_1_U73" SOURCE="HLS_examen/sources/hls_examen.c:31" VARIABLE="count" MODULE="ImageTransform" LOOP="VITIS_LOOP_26_1_VITIS_LOOP_27_2" BUNDLEDNAME="" DSP="1" BRAM="0" URAM="0" USAGE="" STORAGESUBTYPE="" STORAGESIZE=""/>
	<BindNode BINDTYPE="op" DISPLAY="bind_op mul" ID="" IMPL="dsp_slice" LATENCY="3" OPTYPE="mul" PRAGMA="" RTLNAME="mac_muladd_6ns_6ns_21ns_21_4_1_U77" SOURCE="HLS_examen/sources/hls_examen.c:28" VARIABLE="mul_ln28" MODULE="ImageTransform" LOOP="VITIS_LOOP_26_1_VITIS_LOOP_27_2" BUNDLEDNAME="" DSP="1" BRAM="0" URAM="0" USAGE="" STORAGESUBTYPE="" STORAGESIZE=""/>
	<BindNode BINDTYPE="op" DISPLAY="bind_op zext" ID="" IMPL="dsp_slice" LATENCY="3" OPTYPE="zext" PRAGMA="" RTLNAME="mac_muladd_6ns_6ns_21ns_21_4_1_U77" SOURCE="HLS_examen/sources/hls_examen.c:28" VARIABLE="zext_ln28" MODULE="ImageTransform" LOOP="VITIS_LOOP_26_1_VITIS_LOOP_27_2" BUNDLEDNAME="" DSP="1" BRAM="0" URAM="0" USAGE="" STORAGESUBTYPE="" STORAGESIZE=""/>
	<BindNode BINDTYPE="op" DISPLAY="bind_op add" ID="" IMPL="dsp_slice" LATENCY="3" OPTYPE="add" PRAGMA="" RTLNAME="mac_muladd_6ns_6ns_21ns_21_4_1_U77" SOURCE="HLS_examen/sources/hls_examen.c:28" VARIABLE="add_ln28" MODULE="ImageTransform" LOOP="VITIS_LOOP_26_1_VITIS_LOOP_27_2" BUNDLEDNAME="" DSP="1" BRAM="0" URAM="0" USAGE="" STORAGESUBTYPE="" STORAGESIZE=""/>
	<BindNode BINDTYPE="op" DISPLAY="bind_op sub" ID="" IMPL="fabric" LATENCY="0" OPTYPE="sub" PRAGMA="" RTLNAME="sub_ln28_fu_614_p2" SOURCE="HLS_examen/sources/hls_examen.c:28" VARIABLE="sub_ln28" MODULE="ImageTransform" LOOP="VITIS_LOOP_26_1_VITIS_LOOP_27_2" BUNDLEDNAME="" DSP="0" BRAM="0" URAM="0" USAGE="" STORAGESUBTYPE="" STORAGESIZE=""/>
	<BindNode BINDTYPE="op" DISPLAY="bind_op sitodp" ID="" IMPL="auto" LATENCY="6" OPTYPE="sitodp" PRAGMA="" RTLNAME="sitodp_32ns_64_7_no_dsp_1_U69" SOURCE="HLS_examen/sources/hls_examen.c:28" VARIABLE="x_assign_1" MODULE="ImageTransform" LOOP="VITIS_LOOP_26_1_VITIS_LOOP_27_2" BUNDLEDNAME="" DSP="0" BRAM="0" URAM="0" USAGE="" STORAGESUBTYPE="" STORAGESIZE=""/>
	<BindNode BINDTYPE="op" DISPLAY="bind_op dadd" ID="" IMPL="fulldsp" LATENCY="7" OPTYPE="dadd" PRAGMA="" RTLNAME="dadd_64ns_64ns_64_8_full_dsp_1_U67" SOURCE="HLS_examen/sources/hls_examen.c:28" VARIABLE="add" MODULE="ImageTransform" LOOP="VITIS_LOOP_26_1_VITIS_LOOP_27_2" BUNDLEDNAME="" DSP="3" BRAM="0" URAM="0" USAGE="" STORAGESUBTYPE="" STORAGESIZE=""/>
	<BindNode BINDTYPE="op" DISPLAY="bind_op dsqrt" ID="" IMPL="fabric" LATENCY="56" OPTYPE="dsqrt" PRAGMA="" RTLNAME="dsqrt_64ns_64ns_64_57_no_dsp_1_U70" SOURCE="HLS_examen/sources/hls_examen.c:28" VARIABLE="dc" MODULE="ImageTransform" LOOP="VITIS_LOOP_26_1_VITIS_LOOP_27_2" BUNDLEDNAME="" DSP="0" BRAM="0" URAM="0" USAGE="" STORAGESUBTYPE="" STORAGESIZE=""/>
	<BindNode BINDTYPE="op" DISPLAY="bind_op add" ID="" IMPL="fabric" LATENCY="0" OPTYPE="add" PRAGMA="" RTLNAME="add_ln486_fu_784_p2" SOURCE="C:\scratch\2023.2\hls_product\689\2023.2\src\shared\hls\clib/src/hls\utils/x_hls_utils.h:486" VARIABLE="add_ln486" MODULE="ImageTransform" LOOP="VITIS_LOOP_26_1_VITIS_LOOP_27_2" BUNDLEDNAME="" DSP="0" BRAM="0" URAM="0" USAGE="" STORAGESUBTYPE="" STORAGESIZE=""/>
	<BindNode BINDTYPE="op" DISPLAY="bind_op sub" ID="" IMPL="fabric" LATENCY="0" OPTYPE="sub" PRAGMA="" RTLNAME="sub_ln18_fu_798_p2" SOURCE="C:\scratch\2023.2\hls_product\689\2023.2\src\shared\hls\clib/hlsmath/include/FloatingPoint\hls_case_IEEE754.h:18" VARIABLE="sub_ln18" MODULE="ImageTransform" LOOP="VITIS_LOOP_26_1_VITIS_LOOP_27_2" BUNDLEDNAME="" DSP="0" BRAM="0" URAM="0" USAGE="" STORAGESUBTYPE="" STORAGESIZE=""/>
	<BindNode BINDTYPE="op" DISPLAY="bind_op select" ID="" IMPL="auto_sel" LATENCY="0" OPTYPE="select" PRAGMA="" RTLNAME="select_ln18_fu_808_p3" SOURCE="C:\scratch\2023.2\hls_product\689\2023.2\src\shared\hls\clib/hlsmath/include/FloatingPoint\hls_case_IEEE754.h:18" VARIABLE="select_ln18" MODULE="ImageTransform" LOOP="VITIS_LOOP_26_1_VITIS_LOOP_27_2" BUNDLEDNAME="" DSP="0" BRAM="0" URAM="0" USAGE="" STORAGESUBTYPE="" STORAGESIZE=""/>
	<BindNode BINDTYPE="op" DISPLAY="bind_op lshr" ID="" IMPL="auto_pipe" LATENCY="0" OPTYPE="lshr" PRAGMA="" RTLNAME="lshr_ln18_fu_852_p2" SOURCE="C:\scratch\2023.2\hls_product\689\2023.2\src\shared\hls\clib/hlsmath/include/FloatingPoint\hls_case_IEEE754.h:18" VARIABLE="lshr_ln18" MODULE="ImageTransform" LOOP="VITIS_LOOP_26_1_VITIS_LOOP_27_2" BUNDLEDNAME="" DSP="0" BRAM="0" URAM="0" USAGE="" STORAGESUBTYPE="" STORAGESIZE=""/>
	<BindNode BINDTYPE="op" DISPLAY="bind_op shl" ID="" IMPL="auto_pipe" LATENCY="0" OPTYPE="shl" PRAGMA="" RTLNAME="shl_ln18_fu_858_p2" SOURCE="C:\scratch\2023.2\hls_product\689\2023.2\src\shared\hls\clib/hlsmath/include/FloatingPoint\hls_case_IEEE754.h:18" VARIABLE="shl_ln18" MODULE="ImageTransform" LOOP="VITIS_LOOP_26_1_VITIS_LOOP_27_2" BUNDLEDNAME="" DSP="0" BRAM="0" URAM="0" USAGE="" STORAGESUBTYPE="" STORAGESIZE=""/>
	<BindNode BINDTYPE="op" DISPLAY="bind_op select" ID="" IMPL="auto_sel" LATENCY="0" OPTYPE="select" PRAGMA="" RTLNAME="val_fu_884_p3" SOURCE="C:\scratch\2023.2\hls_product\689\2023.2\src\shared\hls\clib/hlsmath/include/FloatingPoint\hls_case_IEEE754.h:18" VARIABLE="val" MODULE="ImageTransform" LOOP="VITIS_LOOP_26_1_VITIS_LOOP_27_2" BUNDLEDNAME="" DSP="0" BRAM="0" URAM="0" USAGE="" STORAGESUBTYPE="" STORAGESIZE=""/>
	<BindNode BINDTYPE="op" DISPLAY="bind_op sub" ID="" IMPL="fabric" LATENCY="0" OPTYPE="sub" PRAGMA="" RTLNAME="result_2_fu_914_p2" SOURCE="C:\scratch\2023.2\hls_product\689\2023.2\src\shared\hls\clib/hlsmath/include/FloatingPoint\hls_case_IEEE754.h:59" VARIABLE="result_2" MODULE="ImageTransform" LOOP="VITIS_LOOP_26_1_VITIS_LOOP_27_2" BUNDLEDNAME="" DSP="0" BRAM="0" URAM="0" USAGE="" STORAGESUBTYPE="" STORAGESIZE=""/>
	<BindNode BINDTYPE="op" DISPLAY="bind_op select" ID="" IMPL="auto_sel" LATENCY="0" OPTYPE="select" PRAGMA="" RTLNAME="result_fu_919_p3" SOURCE="C:\scratch\2023.2\hls_product\689\2023.2\src\shared\hls\clib/hlsmath/include/FloatingPoint\hls_case_IEEE754.h:59" VARIABLE="result" MODULE="ImageTransform" LOOP="VITIS_LOOP_26_1_VITIS_LOOP_27_2" BUNDLEDNAME="" DSP="0" BRAM="0" URAM="0" USAGE="" STORAGESUBTYPE="" STORAGESIZE=""/>
	<BindNode BINDTYPE="op" DISPLAY="bind_op icmp" ID="" IMPL="auto" LATENCY="0" OPTYPE="icmp" PRAGMA="" RTLNAME="icmp_ln30_fu_926_p2" SOURCE="HLS_examen/sources/hls_examen.c:30" VARIABLE="icmp_ln30" MODULE="ImageTransform" LOOP="VITIS_LOOP_26_1_VITIS_LOOP_27_2" BUNDLEDNAME="" DSP="0" BRAM="0" URAM="0" USAGE="" STORAGESUBTYPE="" STORAGESIZE=""/>
	<BindNode BINDTYPE="op" DISPLAY="bind_op add" ID="" IMPL="fabric" LATENCY="0" OPTYPE="add" PRAGMA="" RTLNAME="add_ln27_fu_932_p2" SOURCE="HLS_examen/sources/hls_examen.c:27" VARIABLE="add_ln27" MODULE="ImageTransform" LOOP="VITIS_LOOP_26_1_VITIS_LOOP_27_2" BUNDLEDNAME="" DSP="0" BRAM="0" URAM="0" USAGE="" STORAGESUBTYPE="" STORAGESIZE=""/>
	<BindNode BINDTYPE="op" DISPLAY="bind_op mul" ID="" IMPL="dsp" LATENCY="2" OPTYPE="mul" PRAGMA="" RTLNAME="mul_64ns_64ns_128_3_1_U71" SOURCE="HLS_examen/sources/hls_examen.c:31" VARIABLE="mul_ln31" MODULE="ImageTransform" LOOP="VITIS_LOOP_26_1_VITIS_LOOP_27_2" BUNDLEDNAME="" DSP="16" BRAM="0" URAM="0" USAGE="" STORAGESUBTYPE="" STORAGESIZE=""/>
	<BindNode BINDTYPE="op" DISPLAY="bind_op sdiv" ID="" IMPL="auto_seq" LATENCY="35" OPTYPE="sdiv" PRAGMA="" RTLNAME="sdiv_32ns_22s_8_36_seq_1_U74" SOURCE="HLS_examen/sources/hls_examen.c:46" VARIABLE="sdiv_ln46" MODULE="ImageTransform" LOOP="VITIS_LOOP_26_1_VITIS_LOOP_27_2" BUNDLEDNAME="" DSP="0" BRAM="0" URAM="0" USAGE="" STORAGESUBTYPE="" STORAGESIZE=""/>
	<BindNode BINDTYPE="op" DISPLAY="bind_op sdiv" ID="" IMPL="auto_seq" LATENCY="35" OPTYPE="sdiv" PRAGMA="" RTLNAME="sdiv_32ns_22s_8_36_seq_1_U75" SOURCE="HLS_examen/sources/hls_examen.c:47" VARIABLE="sdiv_ln47" MODULE="ImageTransform" LOOP="VITIS_LOOP_26_1_VITIS_LOOP_27_2" BUNDLEDNAME="" DSP="0" BRAM="0" URAM="0" USAGE="" STORAGESUBTYPE="" STORAGESIZE=""/>
	<BindNode BINDTYPE="op" DISPLAY="bind_op sdiv" ID="" IMPL="auto_seq" LATENCY="35" OPTYPE="sdiv" PRAGMA="" RTLNAME="sdiv_32ns_22s_8_36_seq_1_U76" SOURCE="HLS_examen/sources/hls_examen.c:48" VARIABLE="sdiv_ln48" MODULE="ImageTransform" LOOP="VITIS_LOOP_26_1_VITIS_LOOP_27_2" BUNDLEDNAME="" DSP="0" BRAM="0" URAM="0" USAGE="" STORAGESUBTYPE="" STORAGESIZE=""/>
	<BindNode BINDTYPE="op" DISPLAY="bind_op add" ID="" IMPL="fabric" LATENCY="0" OPTYPE="add" PRAGMA="" RTLNAME="add_ln27_1_fu_976_p2" SOURCE="HLS_examen/sources/hls_examen.c:27" VARIABLE="add_ln27_1" MODULE="ImageTransform" LOOP="VITIS_LOOP_26_1_VITIS_LOOP_27_2" BUNDLEDNAME="" DSP="0" BRAM="0" URAM="0" USAGE="" STORAGESUBTYPE="" STORAGESIZE=""/>
	<BindNode BINDTYPE="op" DISPLAY="bind_op add" ID="" IMPL="fabric" LATENCY="0" OPTYPE="add" PRAGMA="" RTLNAME="add_ln27_2_fu_981_p2" SOURCE="HLS_examen/sources/hls_examen.c:27" VARIABLE="add_ln27_2" MODULE="ImageTransform" LOOP="VITIS_LOOP_26_1_VITIS_LOOP_27_2" BUNDLEDNAME="" DSP="0" BRAM="0" URAM="0" USAGE="" STORAGESUBTYPE="" STORAGESIZE=""/>
	<BindNode BINDTYPE="op" DISPLAY="bind_op add" ID="" IMPL="fabric" LATENCY="0" OPTYPE="add" PRAGMA="" RTLNAME="add_ln27_3_fu_986_p2" SOURCE="HLS_examen/sources/hls_examen.c:27" VARIABLE="add_ln27_3" MODULE="ImageTransform" LOOP="VITIS_LOOP_26_1_VITIS_LOOP_27_2" BUNDLEDNAME="" DSP="0" BRAM="0" URAM="0" USAGE="" STORAGESUBTYPE="" STORAGESIZE=""/>
	<BindNode BINDTYPE="adapter" DISPLAY="bind_adapter axilite" ID="" IMPL="" LATENCY="" OPTYPE="" PRAGMA="" RTLNAME="control_s_axi_U" SOURCE="" VARIABLE="" MODULE="ImageTransform" LOOP="" BUNDLEDNAME="control" DSP="0" BRAM="0" URAM="0" USAGE="interface" STORAGESUBTYPE="s_axilite" STORAGESIZE=""/>
	<BindNode BINDTYPE="adapter" DISPLAY="bind_adapter axilite" ID="" IMPL="" LATENCY="" OPTYPE="" PRAGMA="" RTLNAME="control_r_s_axi_U" SOURCE="" VARIABLE="" MODULE="ImageTransform" LOOP="" BUNDLEDNAME="control_r" DSP="0" BRAM="0" URAM="0" USAGE="interface" STORAGESUBTYPE="s_axilite" STORAGESIZE=""/>
	<BindNode BINDTYPE="adapter" DISPLAY="bind_adapter axi_master" ID="" IMPL="" LATENCY="" OPTYPE="" PRAGMA="" RTLNAME="input_r_m_axi_U" SOURCE="" VARIABLE="" MODULE="ImageTransform" LOOP="" BUNDLEDNAME="input_r" DSP="0" BRAM="2" URAM="0" USAGE="interface" STORAGESUBTYPE="m_axi" STORAGESIZE=""/>
	<BindNode BINDTYPE="adapter" DISPLAY="bind_adapter axi_master" ID="" IMPL="" LATENCY="" OPTYPE="" PRAGMA="" RTLNAME="output_r_m_axi_U" SOURCE="" VARIABLE="" MODULE="ImageTransform" LOOP="" BUNDLEDNAME="output_r" DSP="0" BRAM="2" URAM="0" USAGE="interface" STORAGESUBTYPE="m_axi" STORAGESIZE=""/>
	<BindNode BINDTYPE="interface" DISPLAY="bind_storage bram" ID="" IMPL="" LATENCY="" OPTYPE="" PRAGMA="no" RTLNAME="" SOURCE="" VARIABLE="input_r" MODULE="ImageTransform" LOOP="" BUNDLEDNAME="" DSP="0" BRAM="0" URAM="0" USAGE="interface" STORAGESUBTYPE="bram" STORAGESIZE="8 0 1"/>
	<BindNode BINDTYPE="interface" DISPLAY="bind_storage bram" ID="" IMPL="" LATENCY="" OPTYPE="" PRAGMA="no" RTLNAME="" SOURCE="" VARIABLE="output_r" MODULE="ImageTransform" LOOP="" BUNDLEDNAME="" DSP="0" BRAM="0" URAM="0" USAGE="interface" STORAGESUBTYPE="bram" STORAGESIZE="8 0 1"/>
</BindInfo>
