<xilinx:hls_fe_msgs>
    <msg msg_groups="PRAGMA_VERBOSE_DUMP" msg_id="207-5471" msg_severity="WARNING" msg_loc="C:/02_PXL/HAC_PXL_2024/Examen/HLS_examen/solution1/csynth.tcl:18:9" msg_body="HLS pragma dump">
        <args ARG_PragmaContext="directive" ARG_PragmaFunction="ImageTransform" ARG_PragmaIsValid="1" ARG_PragmaOptions="name=ImageTransform" ARG_PragmaType="top" ClangWarningOption="dump-hls-pragmas"/>
    </msg>
    <msg msg_groups="PRAGMA_VERBOSE_DUMP" msg_id="207-5471" msg_severity="WARNING" msg_loc="HLS_examen/sources/hls_examen.c:10:9" msg_body="HLS pragma dump">
        <args ARG_PragmaFunction="ImageTransform" ARG_PragmaIsValid="1" ARG_PragmaOptions="m_axi depth=65536 port=imageRGBA offset=slave bundle=input" ARG_PragmaType="interface" ClangWarningOption="dump-hls-pragmas"/>
    </msg>
    <msg msg_groups="PRAGMA_VERBOSE_DUMP" msg_id="207-5471" msg_severity="WARNING" msg_loc="HLS_examen/sources/hls_examen.c:11:9" msg_body="HLS pragma dump">
        <args ARG_PragmaFunction="ImageTransform" ARG_PragmaIsValid="1" ARG_PragmaOptions="m_axi depth=65536 port=output offset=slave bundle=output" ARG_PragmaType="interface" ClangWarningOption="dump-hls-pragmas"/>
    </msg>
    <msg msg_groups="PRAGMA_VERBOSE_DUMP" msg_id="207-5471" msg_severity="WARNING" msg_loc="HLS_examen/sources/hls_examen.c:13:9" msg_body="HLS pragma dump">
        <args ARG_PragmaFunction="ImageTransform" ARG_PragmaIsValid="1" ARG_PragmaOptions="s_axilite port=return bundle=control" ARG_PragmaType="interface" ClangWarningOption="dump-hls-pragmas"/>
    </msg>
    <msg msg_groups="PRAGMA_VERBOSE_DUMP" msg_id="207-5471" msg_severity="WARNING" msg_loc="HLS_examen/sources/hls_examen.c:17:9" msg_body="HLS pragma dump">
        <args ARG_PragmaFunction="ImageTransform" ARG_PragmaIsValid="1" ARG_PragmaOptions="s_axilite port=centerX bundle=control" ARG_PragmaType="interface" ClangWarningOption="dump-hls-pragmas"/>
    </msg>
    <msg msg_groups="PRAGMA_VERBOSE_DUMP" msg_id="207-5471" msg_severity="WARNING" msg_loc="HLS_examen/sources/hls_examen.c:18:9" msg_body="HLS pragma dump">
        <args ARG_PragmaFunction="ImageTransform" ARG_PragmaIsValid="1" ARG_PragmaOptions="s_axilite port=centerY bundle=control" ARG_PragmaType="interface" ClangWarningOption="dump-hls-pragmas"/>
    </msg>
    <msg msg_groups="PRAGMA_INLINE" msg_id="214-178" msg_severity="INFO" msg_loc="C:\scratch\2023.2\hls_product\689\2023.2\src\shared\hls\clib/hlsmath/include/FloatingPoint/hls_isinf.h:16:0" msg_body="Inlining function 'fp_struct&lt;double&gt;::fp_struct(double)' into 'int generic_isinf&lt;double&gt;(double)'">
        <args Callee="fp_struct&lt;double&gt;::fp_struct(double)" Callee-DebugLoc="File {C:\scratch\2023.2\hls_product\689\2023.2\src\shared\hls\clib/src/hls\utils/x_hls_utils.h} Line 456 Column 0" Caller="int generic_isinf&lt;double&gt;(double)" Caller-DebugLoc="File {C:\scratch\2023.2\hls_product\689\2023.2\src\shared\hls\clib/hlsmath/include/FloatingPoint/hls_isinf.h} Line 16 Column 0"/>
    </msg>
    <msg msg_groups="PRAGMA_INLINE" msg_id="214-178" msg_severity="INFO" msg_loc="C:\scratch\2023.2\hls_product\689\2023.2\src\shared\hls\clib/hlsmath/include/FloatingPoint/hls_isnan.h:16:0" msg_body="Inlining function 'fp_struct&lt;double&gt;::fp_struct(double)' into 'int generic_isnan&lt;double&gt;(double)'">
        <args Callee="fp_struct&lt;double&gt;::fp_struct(double)" Callee-DebugLoc="File {C:\scratch\2023.2\hls_product\689\2023.2\src\shared\hls\clib/src/hls\utils/x_hls_utils.h} Line 456 Column 0" Caller="int generic_isnan&lt;double&gt;(double)" Caller-DebugLoc="File {C:\scratch\2023.2\hls_product\689\2023.2\src\shared\hls\clib/hlsmath/include/FloatingPoint/hls_isnan.h} Line 16 Column 0"/>
    </msg>
    <msg msg_groups="PRAGMA_INLINE" msg_id="214-178" msg_severity="INFO" msg_loc="C:\scratch\2023.2\hls_product\689\2023.2\src\shared\hls\clib/src/hls\utils/x_hls_utils.h:494:0" msg_body="Inlining function 'fp_struct&lt;double&gt;::data() const (.106.116.126.157)' into 'fp_struct&lt;double&gt;::to_double() const (.103.113.123.154)'">
        <args Callee="fp_struct&lt;double&gt;::data() const (.106.116.126.157)" Callee-DebugLoc="File {C:\scratch\2023.2\hls_product\689\2023.2\src\shared\hls\clib/src/hls\utils/x_hls_utils.h} Line 475 Column 0" Caller="fp_struct&lt;double&gt;::to_double() const (.103.113.123.154)" Caller-DebugLoc="File {C:\scratch\2023.2\hls_product\689\2023.2\src\shared\hls\clib/src/hls\utils/x_hls_utils.h} Line 494 Column 0"/>
    </msg>
    <msg msg_groups="PRAGMA_INLINE" msg_id="214-178" msg_severity="INFO" msg_loc="C:\scratch\2023.2\hls_product\689\2023.2\src\shared\hls\clib/src/hls\utils/x_hls_utils.h:509:0" msg_body="Inlining function 'fp_struct&lt;double&gt;::to_double() const (.103.113.123.154)' into 'fp_struct&lt;double&gt;::to_ieee() const'">
        <args Callee="fp_struct&lt;double&gt;::to_double() const (.103.113.123.154)" Callee-DebugLoc="File {C:\scratch\2023.2\hls_product\689\2023.2\src\shared\hls\clib/src/hls\utils/x_hls_utils.h} Line 494 Column 0" Caller="fp_struct&lt;double&gt;::to_ieee() const" Caller-DebugLoc="File {C:\scratch\2023.2\hls_product\689\2023.2\src\shared\hls\clib/src/hls\utils/x_hls_utils.h} Line 509 Column 0"/>
    </msg>
    <msg msg_groups="PRAGMA_INLINE" msg_id="214-178" msg_severity="INFO" msg_loc="C:\scratch\2023.2\hls_product\689\2023.2\src\shared\hls\clib/hlsmath/include/FloatingPoint\hls_pow.h:186:0" msg_body="Inlining function 'void pow_reduce::log_range_reduce&lt;ap_fixed&lt;121, 12, (ap_q_mode)5, (ap_o_mode)3, 0&gt;, 4, 4, 71, 73&gt;(ap_ufixed&lt;71, -(4), (ap_q_mode)5, (ap_o_mode)3, 0&gt;, ap_fixed&lt;121, 12, (ap_q_mode)5, (ap_o_mode)3, 0&gt;&amp;, ap_ufixed&lt;73, -(((4) + (4)) - (1)), (ap_q_mode)5, (ap_o_mode)3, 0&gt;&amp;)' into 'ap_ufixed&lt;72, -37, (ap_q_mode)5, (ap_o_mode)3, 0&gt; pow_reduce::pow_traits&lt;double&gt;::log_range_reduction&lt;71&gt;(ap_ufixed&lt;71, -4, (ap_q_mode)5, (ap_o_mode)3, 0&gt;, ap_fixed&lt;121, 12, (ap_q_mode)5, (ap_o_mode)3, 0&gt;&amp;)'">
        <args Callee="void pow_reduce::log_range_reduce&lt;ap_fixed&lt;121, 12, (ap_q_mode)5, (ap_o_mode)3, 0&gt;, 4, 4, 71, 73&gt;(ap_ufixed&lt;71, -(4), (ap_q_mode)5, (ap_o_mode)3, 0&gt;, ap_fixed&lt;121, 12, (ap_q_mode)5, (ap_o_mode)3, 0&gt;&amp;, ap_ufixed&lt;73, -(((4) + (4)) - (1)), (ap_q_mode)5, (ap_o_mode)3, 0&gt;&amp;)" Callee-DebugLoc="File {C:\scratch\2023.2\hls_product\689\2023.2\src\shared\hls\clib/hlsmath/include/FloatingPoint\hls_pow.h} Line 31 Column 0" Caller="ap_ufixed&lt;72, -37, (ap_q_mode)5, (ap_o_mode)3, 0&gt; pow_reduce::pow_traits&lt;double&gt;::log_range_reduction&lt;71&gt;(ap_ufixed&lt;71, -4, (ap_q_mode)5, (ap_o_mode)3, 0&gt;, ap_fixed&lt;121, 12, (ap_q_mode)5, (ap_o_mode)3, 0&gt;&amp;)" Caller-DebugLoc="File {C:\scratch\2023.2\hls_product\689\2023.2\src\shared\hls\clib/hlsmath/include/FloatingPoint\hls_pow.h} Line 186 Column 0"/>
    </msg>
    <msg msg_groups="PRAGMA_INLINE" msg_id="214-178" msg_severity="INFO" msg_loc="C:\scratch\2023.2\hls_product\689\2023.2\src\shared\hls\clib/hlsmath/include/FloatingPoint\hls_pow.h:186:0" msg_body="Inlining function 'void pow_reduce::log_range_reduce&lt;ap_fixed&lt;121, 12, (ap_q_mode)5, (ap_o_mode)3, 0&gt;, 7, 6, 73, 83&gt;(ap_ufixed&lt;73, -(7), (ap_q_mode)5, (ap_o_mode)3, 0&gt;, ap_fixed&lt;121, 12, (ap_q_mode)5, (ap_o_mode)3, 0&gt;&amp;, ap_ufixed&lt;83, -(((7) + (6)) - (1)), (ap_q_mode)5, (ap_o_mode)3, 0&gt;&amp;)' into 'ap_ufixed&lt;72, -37, (ap_q_mode)5, (ap_o_mode)3, 0&gt; pow_reduce::pow_traits&lt;double&gt;::log_range_reduction&lt;71&gt;(ap_ufixed&lt;71, -4, (ap_q_mode)5, (ap_o_mode)3, 0&gt;, ap_fixed&lt;121, 12, (ap_q_mode)5, (ap_o_mode)3, 0&gt;&amp;)'">
        <args Callee="void pow_reduce::log_range_reduce&lt;ap_fixed&lt;121, 12, (ap_q_mode)5, (ap_o_mode)3, 0&gt;, 7, 6, 73, 83&gt;(ap_ufixed&lt;73, -(7), (ap_q_mode)5, (ap_o_mode)3, 0&gt;, ap_fixed&lt;121, 12, (ap_q_mode)5, (ap_o_mode)3, 0&gt;&amp;, ap_ufixed&lt;83, -(((7) + (6)) - (1)), (ap_q_mode)5, (ap_o_mode)3, 0&gt;&amp;)" Callee-DebugLoc="File {C:\scratch\2023.2\hls_product\689\2023.2\src\shared\hls\clib/hlsmath/include/FloatingPoint\hls_pow.h} Line 31 Column 0" Caller="ap_ufixed&lt;72, -37, (ap_q_mode)5, (ap_o_mode)3, 0&gt; pow_reduce::pow_traits&lt;double&gt;::log_range_reduction&lt;71&gt;(ap_ufixed&lt;71, -4, (ap_q_mode)5, (ap_o_mode)3, 0&gt;, ap_fixed&lt;121, 12, (ap_q_mode)5, (ap_o_mode)3, 0&gt;&amp;)" Caller-DebugLoc="File {C:\scratch\2023.2\hls_product\689\2023.2\src\shared\hls\clib/hlsmath/include/FloatingPoint\hls_pow.h} Line 186 Column 0"/>
    </msg>
    <msg msg_groups="PRAGMA_INLINE" msg_id="214-178" msg_severity="INFO" msg_loc="C:\scratch\2023.2\hls_product\689\2023.2\src\shared\hls\clib/hlsmath/include/FloatingPoint\hls_pow.h:186:0" msg_body="Inlining function 'void pow_reduce::log_range_reduce&lt;ap_fixed&lt;121, 12, (ap_q_mode)5, (ap_o_mode)3, 0&gt;, 12, 6, 83, 92&gt;(ap_ufixed&lt;83, -(12), (ap_q_mode)5, (ap_o_mode)3, 0&gt;, ap_fixed&lt;121, 12, (ap_q_mode)5, (ap_o_mode)3, 0&gt;&amp;, ap_ufixed&lt;92, -(((12) + (6)) - (1)), (ap_q_mode)5, (ap_o_mode)3, 0&gt;&amp;)' into 'ap_ufixed&lt;72, -37, (ap_q_mode)5, (ap_o_mode)3, 0&gt; pow_reduce::pow_traits&lt;double&gt;::log_range_reduction&lt;71&gt;(ap_ufixed&lt;71, -4, (ap_q_mode)5, (ap_o_mode)3, 0&gt;, ap_fixed&lt;121, 12, (ap_q_mode)5, (ap_o_mode)3, 0&gt;&amp;)'">
        <args Callee="void pow_reduce::log_range_reduce&lt;ap_fixed&lt;121, 12, (ap_q_mode)5, (ap_o_mode)3, 0&gt;, 12, 6, 83, 92&gt;(ap_ufixed&lt;83, -(12), (ap_q_mode)5, (ap_o_mode)3, 0&gt;, ap_fixed&lt;121, 12, (ap_q_mode)5, (ap_o_mode)3, 0&gt;&amp;, ap_ufixed&lt;92, -(((12) + (6)) - (1)), (ap_q_mode)5, (ap_o_mode)3, 0&gt;&amp;)" Callee-DebugLoc="File {C:\scratch\2023.2\hls_product\689\2023.2\src\shared\hls\clib/hlsmath/include/FloatingPoint\hls_pow.h} Line 31 Column 0" Caller="ap_ufixed&lt;72, -37, (ap_q_mode)5, (ap_o_mode)3, 0&gt; pow_reduce::pow_traits&lt;double&gt;::log_range_reduction&lt;71&gt;(ap_ufixed&lt;71, -4, (ap_q_mode)5, (ap_o_mode)3, 0&gt;, ap_fixed&lt;121, 12, (ap_q_mode)5, (ap_o_mode)3, 0&gt;&amp;)" Caller-DebugLoc="File {C:\scratch\2023.2\hls_product\689\2023.2\src\shared\hls\clib/hlsmath/include/FloatingPoint\hls_pow.h} Line 186 Column 0"/>
    </msg>
    <msg msg_groups="PRAGMA_INLINE" msg_id="214-178" msg_severity="INFO" msg_loc="C:\scratch\2023.2\hls_product\689\2023.2\src\shared\hls\clib/hlsmath/include/FloatingPoint\hls_pow.h:186:0" msg_body="Inlining function 'void pow_reduce::log_range_reduce&lt;ap_fixed&lt;121, 12, (ap_q_mode)5, (ap_o_mode)3, 0&gt;, 17, 6, 92, 87&gt;(ap_ufixed&lt;92, -(17), (ap_q_mode)5, (ap_o_mode)3, 0&gt;, ap_fixed&lt;121, 12, (ap_q_mode)5, (ap_o_mode)3, 0&gt;&amp;, ap_ufixed&lt;87, -(((17) + (6)) - (1)), (ap_q_mode)5, (ap_o_mode)3, 0&gt;&amp;)' into 'ap_ufixed&lt;72, -37, (ap_q_mode)5, (ap_o_mode)3, 0&gt; pow_reduce::pow_traits&lt;double&gt;::log_range_reduction&lt;71&gt;(ap_ufixed&lt;71, -4, (ap_q_mode)5, (ap_o_mode)3, 0&gt;, ap_fixed&lt;121, 12, (ap_q_mode)5, (ap_o_mode)3, 0&gt;&amp;)'">
        <args Callee="void pow_reduce::log_range_reduce&lt;ap_fixed&lt;121, 12, (ap_q_mode)5, (ap_o_mode)3, 0&gt;, 17, 6, 92, 87&gt;(ap_ufixed&lt;92, -(17), (ap_q_mode)5, (ap_o_mode)3, 0&gt;, ap_fixed&lt;121, 12, (ap_q_mode)5, (ap_o_mode)3, 0&gt;&amp;, ap_ufixed&lt;87, -(((17) + (6)) - (1)), (ap_q_mode)5, (ap_o_mode)3, 0&gt;&amp;)" Callee-DebugLoc="File {C:\scratch\2023.2\hls_product\689\2023.2\src\shared\hls\clib/hlsmath/include/FloatingPoint\hls_pow.h} Line 31 Column 0" Caller="ap_ufixed&lt;72, -37, (ap_q_mode)5, (ap_o_mode)3, 0&gt; pow_reduce::pow_traits&lt;double&gt;::log_range_reduction&lt;71&gt;(ap_ufixed&lt;71, -4, (ap_q_mode)5, (ap_o_mode)3, 0&gt;, ap_fixed&lt;121, 12, (ap_q_mode)5, (ap_o_mode)3, 0&gt;&amp;)" Caller-DebugLoc="File {C:\scratch\2023.2\hls_product\689\2023.2\src\shared\hls\clib/hlsmath/include/FloatingPoint\hls_pow.h} Line 186 Column 0"/>
    </msg>
    <msg msg_groups="PRAGMA_INLINE" msg_id="214-178" msg_severity="INFO" msg_loc="C:\scratch\2023.2\hls_product\689\2023.2\src\shared\hls\clib/hlsmath/include/FloatingPoint\hls_pow.h:186:0" msg_body="Inlining function 'void pow_reduce::log_range_reduce&lt;ap_fixed&lt;121, 12, (ap_q_mode)5, (ap_o_mode)3, 0&gt;, 22, 6, 87, 82&gt;(ap_ufixed&lt;87, -(22), (ap_q_mode)5, (ap_o_mode)3, 0&gt;, ap_fixed&lt;121, 12, (ap_q_mode)5, (ap_o_mode)3, 0&gt;&amp;, ap_ufixed&lt;82, -(((22) + (6)) - (1)), (ap_q_mode)5, (ap_o_mode)3, 0&gt;&amp;)' into 'ap_ufixed&lt;72, -37, (ap_q_mode)5, (ap_o_mode)3, 0&gt; pow_reduce::pow_traits&lt;double&gt;::log_range_reduction&lt;71&gt;(ap_ufixed&lt;71, -4, (ap_q_mode)5, (ap_o_mode)3, 0&gt;, ap_fixed&lt;121, 12, (ap_q_mode)5, (ap_o_mode)3, 0&gt;&amp;)'">
        <args Callee="void pow_reduce::log_range_reduce&lt;ap_fixed&lt;121, 12, (ap_q_mode)5, (ap_o_mode)3, 0&gt;, 22, 6, 87, 82&gt;(ap_ufixed&lt;87, -(22), (ap_q_mode)5, (ap_o_mode)3, 0&gt;, ap_fixed&lt;121, 12, (ap_q_mode)5, (ap_o_mode)3, 0&gt;&amp;, ap_ufixed&lt;82, -(((22) + (6)) - (1)), (ap_q_mode)5, (ap_o_mode)3, 0&gt;&amp;)" Callee-DebugLoc="File {C:\scratch\2023.2\hls_product\689\2023.2\src\shared\hls\clib/hlsmath/include/FloatingPoint\hls_pow.h} Line 31 Column 0" Caller="ap_ufixed&lt;72, -37, (ap_q_mode)5, (ap_o_mode)3, 0&gt; pow_reduce::pow_traits&lt;double&gt;::log_range_reduction&lt;71&gt;(ap_ufixed&lt;71, -4, (ap_q_mode)5, (ap_o_mode)3, 0&gt;, ap_fixed&lt;121, 12, (ap_q_mode)5, (ap_o_mode)3, 0&gt;&amp;)" Caller-DebugLoc="File {C:\scratch\2023.2\hls_product\689\2023.2\src\shared\hls\clib/hlsmath/include/FloatingPoint\hls_pow.h} Line 186 Column 0"/>
    </msg>
    <msg msg_groups="PRAGMA_INLINE" msg_id="214-178" msg_severity="INFO" msg_loc="C:\scratch\2023.2\hls_product\689\2023.2\src\shared\hls\clib/hlsmath/include/FloatingPoint\hls_pow.h:186:0" msg_body="Inlining function 'void pow_reduce::log_range_reduce&lt;ap_fixed&lt;121, 12, (ap_q_mode)5, (ap_o_mode)3, 0&gt;, 27, 6, 82, 77&gt;(ap_ufixed&lt;82, -(27), (ap_q_mode)5, (ap_o_mode)3, 0&gt;, ap_fixed&lt;121, 12, (ap_q_mode)5, (ap_o_mode)3, 0&gt;&amp;, ap_ufixed&lt;77, -(((27) + (6)) - (1)), (ap_q_mode)5, (ap_o_mode)3, 0&gt;&amp;)' into 'ap_ufixed&lt;72, -37, (ap_q_mode)5, (ap_o_mode)3, 0&gt; pow_reduce::pow_traits&lt;double&gt;::log_range_reduction&lt;71&gt;(ap_ufixed&lt;71, -4, (ap_q_mode)5, (ap_o_mode)3, 0&gt;, ap_fixed&lt;121, 12, (ap_q_mode)5, (ap_o_mode)3, 0&gt;&amp;)'">
        <args Callee="void pow_reduce::log_range_reduce&lt;ap_fixed&lt;121, 12, (ap_q_mode)5, (ap_o_mode)3, 0&gt;, 27, 6, 82, 77&gt;(ap_ufixed&lt;82, -(27), (ap_q_mode)5, (ap_o_mode)3, 0&gt;, ap_fixed&lt;121, 12, (ap_q_mode)5, (ap_o_mode)3, 0&gt;&amp;, ap_ufixed&lt;77, -(((27) + (6)) - (1)), (ap_q_mode)5, (ap_o_mode)3, 0&gt;&amp;)" Callee-DebugLoc="File {C:\scratch\2023.2\hls_product\689\2023.2\src\shared\hls\clib/hlsmath/include/FloatingPoint\hls_pow.h} Line 31 Column 0" Caller="ap_ufixed&lt;72, -37, (ap_q_mode)5, (ap_o_mode)3, 0&gt; pow_reduce::pow_traits&lt;double&gt;::log_range_reduction&lt;71&gt;(ap_ufixed&lt;71, -4, (ap_q_mode)5, (ap_o_mode)3, 0&gt;, ap_fixed&lt;121, 12, (ap_q_mode)5, (ap_o_mode)3, 0&gt;&amp;)" Caller-DebugLoc="File {C:\scratch\2023.2\hls_product\689\2023.2\src\shared\hls\clib/hlsmath/include/FloatingPoint\hls_pow.h} Line 186 Column 0"/>
    </msg>
    <msg msg_groups="PRAGMA_INLINE" msg_id="214-178" msg_severity="INFO" msg_loc="C:\scratch\2023.2\hls_product\689\2023.2\src\shared\hls\clib/hlsmath/include/FloatingPoint\hls_pow.h:186:0" msg_body="Inlining function 'void pow_reduce::log_range_reduce&lt;ap_fixed&lt;121, 12, (ap_q_mode)5, (ap_o_mode)3, 0&gt;, 32, 6, 77, 72&gt;(ap_ufixed&lt;77, -(32), (ap_q_mode)5, (ap_o_mode)3, 0&gt;, ap_fixed&lt;121, 12, (ap_q_mode)5, (ap_o_mode)3, 0&gt;&amp;, ap_ufixed&lt;72, -(((32) + (6)) - (1)), (ap_q_mode)5, (ap_o_mode)3, 0&gt;&amp;)' into 'ap_ufixed&lt;72, -37, (ap_q_mode)5, (ap_o_mode)3, 0&gt; pow_reduce::pow_traits&lt;double&gt;::log_range_reduction&lt;71&gt;(ap_ufixed&lt;71, -4, (ap_q_mode)5, (ap_o_mode)3, 0&gt;, ap_fixed&lt;121, 12, (ap_q_mode)5, (ap_o_mode)3, 0&gt;&amp;)'">
        <args Callee="void pow_reduce::log_range_reduce&lt;ap_fixed&lt;121, 12, (ap_q_mode)5, (ap_o_mode)3, 0&gt;, 32, 6, 77, 72&gt;(ap_ufixed&lt;77, -(32), (ap_q_mode)5, (ap_o_mode)3, 0&gt;, ap_fixed&lt;121, 12, (ap_q_mode)5, (ap_o_mode)3, 0&gt;&amp;, ap_ufixed&lt;72, -(((32) + (6)) - (1)), (ap_q_mode)5, (ap_o_mode)3, 0&gt;&amp;)" Callee-DebugLoc="File {C:\scratch\2023.2\hls_product\689\2023.2\src\shared\hls\clib/hlsmath/include/FloatingPoint\hls_pow.h} Line 31 Column 0" Caller="ap_ufixed&lt;72, -37, (ap_q_mode)5, (ap_o_mode)3, 0&gt; pow_reduce::pow_traits&lt;double&gt;::log_range_reduction&lt;71&gt;(ap_ufixed&lt;71, -4, (ap_q_mode)5, (ap_o_mode)3, 0&gt;, ap_fixed&lt;121, 12, (ap_q_mode)5, (ap_o_mode)3, 0&gt;&amp;)" Caller-DebugLoc="File {C:\scratch\2023.2\hls_product\689\2023.2\src\shared\hls\clib/hlsmath/include/FloatingPoint\hls_pow.h} Line 186 Column 0"/>
    </msg>
    <msg msg_groups="PRAGMA_INLINE" msg_id="214-178" msg_severity="INFO" msg_loc="C:\scratch\2023.2\hls_product\689\2023.2\src\shared\hls\clib/hlsmath/include/FloatingPoint\hls_pow.h:292:0" msg_body="Inlining function 'fp_struct&lt;double&gt;::fp_struct(double)' into 'double pow_reduce::pow_generic&lt;double&gt;(double, double)'">
        <args Callee="fp_struct&lt;double&gt;::fp_struct(double)" Callee-DebugLoc="File {C:\scratch\2023.2\hls_product\689\2023.2\src\shared\hls\clib/src/hls\utils/x_hls_utils.h} Line 456 Column 0" Caller="double pow_reduce::pow_generic&lt;double&gt;(double, double)" Caller-DebugLoc="File {C:\scratch\2023.2\hls_product\689\2023.2\src\shared\hls\clib/hlsmath/include/FloatingPoint\hls_pow.h} Line 292 Column 0"/>
    </msg>
    <msg msg_groups="PRAGMA_INLINE" msg_id="214-178" msg_severity="INFO" msg_loc="C:\scratch\2023.2\hls_product\689\2023.2\src\shared\hls\clib/hlsmath/include/FloatingPoint\hls_pow.h:292:0" msg_body="Inlining function 'fp_struct&lt;double&gt;::expv() const' into 'double pow_reduce::pow_generic&lt;double&gt;(double, double)'">
        <args Callee="fp_struct&lt;double&gt;::expv() const" Callee-DebugLoc="File {C:\scratch\2023.2\hls_product\689\2023.2\src\shared\hls\clib/src/hls\utils/x_hls_utils.h} Line 485 Column 0" Caller="double pow_reduce::pow_generic&lt;double&gt;(double, double)" Caller-DebugLoc="File {C:\scratch\2023.2\hls_product\689\2023.2\src\shared\hls\clib/hlsmath/include/FloatingPoint\hls_pow.h} Line 292 Column 0"/>
    </msg>
    <msg msg_groups="PRAGMA_INLINE" msg_id="214-178" msg_severity="INFO" msg_loc="C:\scratch\2023.2\hls_product\689\2023.2\src\shared\hls\clib/hlsmath/include/FloatingPoint\hls_pow.h:292:0" msg_body="Inlining function 'int generic_isinf&lt;double&gt;(double)' into 'double pow_reduce::pow_generic&lt;double&gt;(double, double)'">
        <args Callee="int generic_isinf&lt;double&gt;(double)" Callee-DebugLoc="File {C:\scratch\2023.2\hls_product\689\2023.2\src\shared\hls\clib/hlsmath/include/FloatingPoint/hls_isinf.h} Line 16 Column 0" Caller="double pow_reduce::pow_generic&lt;double&gt;(double, double)" Caller-DebugLoc="File {C:\scratch\2023.2\hls_product\689\2023.2\src\shared\hls\clib/hlsmath/include/FloatingPoint\hls_pow.h} Line 292 Column 0"/>
    </msg>
    <msg msg_groups="PRAGMA_INLINE" msg_id="214-178" msg_severity="INFO" msg_loc="C:\scratch\2023.2\hls_product\689\2023.2\src\shared\hls\clib/hlsmath/include/FloatingPoint\hls_pow.h:292:0" msg_body="Inlining function 'int generic_isnan&lt;double&gt;(double)' into 'double pow_reduce::pow_generic&lt;double&gt;(double, double)'">
        <args Callee="int generic_isnan&lt;double&gt;(double)" Callee-DebugLoc="File {C:\scratch\2023.2\hls_product\689\2023.2\src\shared\hls\clib/hlsmath/include/FloatingPoint/hls_isnan.h} Line 16 Column 0" Caller="double pow_reduce::pow_generic&lt;double&gt;(double, double)" Caller-DebugLoc="File {C:\scratch\2023.2\hls_product\689\2023.2\src\shared\hls\clib/hlsmath/include/FloatingPoint\hls_pow.h} Line 292 Column 0"/>
    </msg>
    <msg msg_groups="PRAGMA_INLINE" msg_id="214-178" msg_severity="INFO" msg_loc="C:\scratch\2023.2\hls_product\689\2023.2\src\shared\hls\clib/hlsmath/include/FloatingPoint\hls_pow.h:292:0" msg_body="Inlining function 'pow_reduce::pow_traits&lt;double&gt;::exp_Z1P_m_1(ap_ufixed&lt;51, -8, (ap_q_mode)5, (ap_o_mode)3, 0&gt;)' into 'double pow_reduce::pow_generic&lt;double&gt;(double, double)'">
        <args Callee="pow_reduce::pow_traits&lt;double&gt;::exp_Z1P_m_1(ap_ufixed&lt;51, -8, (ap_q_mode)5, (ap_o_mode)3, 0&gt;)" Callee-DebugLoc="File {C:\scratch\2023.2\hls_product\689\2023.2\src\shared\hls\clib/hlsmath/include/FloatingPoint\hls_pow.h} Line 224 Column 0" Caller="double pow_reduce::pow_generic&lt;double&gt;(double, double)" Caller-DebugLoc="File {C:\scratch\2023.2\hls_product\689\2023.2\src\shared\hls\clib/hlsmath/include/FloatingPoint\hls_pow.h} Line 292 Column 0"/>
    </msg>
    <msg msg_groups="PRAGMA_INLINE" msg_id="214-178" msg_severity="INFO" msg_loc="C:\scratch\2023.2\hls_product\689\2023.2\src\shared\hls\clib/hlsmath/include/FloatingPoint\hls_case_IEEE754.h:12:0" msg_body="Inlining function 'fp_struct&lt;double&gt;::fp_struct(double)' into 'int generic_cast_IEEE754&lt;int, (ap_q_mode)6, double&gt;(double, bool, hls::enable_if&lt;std::numeric_limits&lt;int&gt;::is_signed, bool&gt;::type)'">
        <args Callee="fp_struct&lt;double&gt;::fp_struct(double)" Callee-DebugLoc="File {C:\scratch\2023.2\hls_product\689\2023.2\src\shared\hls\clib/src/hls\utils/x_hls_utils.h} Line 456 Column 0" Caller="int generic_cast_IEEE754&lt;int, (ap_q_mode)6, double&gt;(double, bool, hls::enable_if&lt;std::numeric_limits&lt;int&gt;::is_signed, bool&gt;::type)" Caller-DebugLoc="File {C:\scratch\2023.2\hls_product\689\2023.2\src\shared\hls\clib/hlsmath/include/FloatingPoint\hls_case_IEEE754.h} Line 12 Column 0"/>
    </msg>
    <msg msg_groups="PRAGMA_INLINE" msg_id="214-178" msg_severity="INFO" msg_loc="C:\scratch\2023.2\hls_product\689\2023.2\src\shared\hls\clib/hlsmath/include/FloatingPoint\hls_case_IEEE754.h:12:0" msg_body="Inlining function 'fp_struct&lt;double&gt;::mantissa() const' into 'int generic_cast_IEEE754&lt;int, (ap_q_mode)6, double&gt;(double, bool, hls::enable_if&lt;std::numeric_limits&lt;int&gt;::is_signed, bool&gt;::type)'">
        <args Callee="fp_struct&lt;double&gt;::mantissa() const" Callee-DebugLoc="File {C:\scratch\2023.2\hls_product\689\2023.2\src\shared\hls\clib/src/hls\utils/x_hls_utils.h} Line 503 Column 0" Caller="int generic_cast_IEEE754&lt;int, (ap_q_mode)6, double&gt;(double, bool, hls::enable_if&lt;std::numeric_limits&lt;int&gt;::is_signed, bool&gt;::type)" Caller-DebugLoc="File {C:\scratch\2023.2\hls_product\689\2023.2\src\shared\hls\clib/hlsmath/include/FloatingPoint\hls_case_IEEE754.h} Line 12 Column 0"/>
    </msg>
    <msg msg_groups="PRAGMA_INLINE" msg_id="214-178" msg_severity="INFO" msg_loc="C:\scratch\2023.2\hls_product\689\2023.2\src\shared\hls\clib/hlsmath/include/FloatingPoint\hls_case_IEEE754.h:12:0" msg_body="Inlining function 'fp_struct&lt;double&gt;::expv() const' into 'int generic_cast_IEEE754&lt;int, (ap_q_mode)6, double&gt;(double, bool, hls::enable_if&lt;std::numeric_limits&lt;int&gt;::is_signed, bool&gt;::type)'">
        <args Callee="fp_struct&lt;double&gt;::expv() const" Callee-DebugLoc="File {C:\scratch\2023.2\hls_product\689\2023.2\src\shared\hls\clib/src/hls\utils/x_hls_utils.h} Line 485 Column 0" Caller="int generic_cast_IEEE754&lt;int, (ap_q_mode)6, double&gt;(double, bool, hls::enable_if&lt;std::numeric_limits&lt;int&gt;::is_signed, bool&gt;::type)" Caller-DebugLoc="File {C:\scratch\2023.2\hls_product\689\2023.2\src\shared\hls\clib/hlsmath/include/FloatingPoint\hls_case_IEEE754.h} Line 12 Column 0"/>
    </msg>
    <msg msg_groups="PRAGMA_INLINE" msg_id="214-178" msg_severity="INFO" msg_loc="C:\scratch\2023.2\hls_product\689\2023.2\src\shared\hls\clib/hlsmath/include/FloatingPoint\hls_case_IEEE754.h:12:0" msg_body="Inlining function 'fp_struct&lt;double&gt;::__signbit() const' into 'int generic_cast_IEEE754&lt;int, (ap_q_mode)6, double&gt;(double, bool, hls::enable_if&lt;std::numeric_limits&lt;int&gt;::is_signed, bool&gt;::type)'">
        <args Callee="fp_struct&lt;double&gt;::__signbit() const" Callee-DebugLoc="File {C:\scratch\2023.2\hls_product\689\2023.2\src\shared\hls\clib/src/hls\utils/x_hls_utils.h} Line 512 Column 0" Caller="int generic_cast_IEEE754&lt;int, (ap_q_mode)6, double&gt;(double, bool, hls::enable_if&lt;std::numeric_limits&lt;int&gt;::is_signed, bool&gt;::type)" Caller-DebugLoc="File {C:\scratch\2023.2\hls_product\689\2023.2\src\shared\hls\clib/hlsmath/include/FloatingPoint\hls_case_IEEE754.h} Line 12 Column 0"/>
    </msg>
    <msg msg_groups="PRAGMA_INLINE" msg_id="214-178" msg_severity="INFO" msg_loc="C:\scratch\2023.2\hls_product\689\2023.2\src\shared\hls\clib/hlsmath/include/FloatingPoint\hls_case_IEEE754.h:116:0" msg_body="Inlining function 'int generic_cast_IEEE754&lt;int, (ap_q_mode)6, double&gt;(double, bool, hls::enable_if&lt;std::numeric_limits&lt;int&gt;::is_signed, bool&gt;::type)' into 'int generic_cast_IEEE754&lt;int, double&gt;(double, bool)'">
        <args Callee="int generic_cast_IEEE754&lt;int, (ap_q_mode)6, double&gt;(double, bool, hls::enable_if&lt;std::numeric_limits&lt;int&gt;::is_signed, bool&gt;::type)" Callee-DebugLoc="File {C:\scratch\2023.2\hls_product\689\2023.2\src\shared\hls\clib/hlsmath/include/FloatingPoint\hls_case_IEEE754.h} Line 12 Column 0" Caller="int generic_cast_IEEE754&lt;int, double&gt;(double, bool)" Caller-DebugLoc="File {C:\scratch\2023.2\hls_product\689\2023.2\src\shared\hls\clib/hlsmath/include/FloatingPoint\hls_case_IEEE754.h} Line 116 Column 0"/>
    </msg>
    <msg msg_groups="PRAGMA_INLINE" msg_id="214-178" msg_severity="INFO" msg_loc="C:\scratch\2023.2\hls_product\689\2023.2\src\shared\hls\clib\hlsmath\src\lib_floatconversion.cpp:55:0" msg_body="Inlining function 'int generic_cast_IEEE754&lt;int, double&gt;(double, bool)' into '__hls_fptosi_double_i32'">
        <args Callee="int generic_cast_IEEE754&lt;int, double&gt;(double, bool)" Callee-DebugLoc="File {C:\scratch\2023.2\hls_product\689\2023.2\src\shared\hls\clib/hlsmath/include/FloatingPoint\hls_case_IEEE754.h} Line 116 Column 0" Caller="__hls_fptosi_double_i32" Caller-DebugLoc="File {C:\scratch\2023.2\hls_product\689\2023.2\src\shared\hls\clib\hlsmath\src\lib_floatconversion.cpp} Line 55 Column 0"/>
    </msg>
    <msg msg_groups="PRAGMA_INLINE" msg_id="214-178" msg_severity="INFO" msg_loc="HLS_examen/sources/hls_examen.c:8:0" msg_body="Inlining function 'pow' into 'ImageTransform'">
        <args Callee="pow" Callee-DebugLoc="File {C:\scratch\2023.2\hls_product\689\2023.2\src\shared\hls\clib\hlsmath\src\c\powdouble.cpp} Line 6 Column 0" Caller="ImageTransform" Caller-DebugLoc="File HLS_examen/sources/hls_examen.c Line 8 Column 0"/>
    </msg>
    <msg msg_groups="PRAGMA_INLINE" msg_id="214-178" msg_severity="INFO" msg_loc="HLS_examen/sources/hls_examen.c:8:0" msg_body="Inlining function '__hls_fptosi_double_i32' into 'ImageTransform'">
        <args Callee="__hls_fptosi_double_i32" Callee-DebugLoc="File {C:\scratch\2023.2\hls_product\689\2023.2\src\shared\hls\clib\hlsmath\src\lib_floatconversion.cpp} Line 55 Column 0" Caller="ImageTransform" Caller-DebugLoc="File HLS_examen/sources/hls_examen.c Line 8 Column 0"/>
    </msg>
</xilinx:hls_fe_msgs>

