<stg><name>ImageTransform_Pipeline_VITIS_LOOP_52_5_VITIS_LOOP_53_6</name>


<trans_list>

<trans id="70" from="1" to="2">
<condition id="-1">
<or_exp><and_exp></and_exp></or_exp>
</condition>
</trans>

<trans id="100" from="2" to="3">
<condition id="-1">
<or_exp><and_exp></and_exp></or_exp>
</condition>
</trans>

<trans id="87" from="3" to="4">
<condition id="-1">
<or_exp><and_exp></and_exp></or_exp>
</condition>
</trans>

<trans id="88" from="4" to="5">
<condition id="-1">
<or_exp><and_exp></and_exp></or_exp>
</condition>
</trans>

<trans id="89" from="5" to="6">
<condition id="-1">
<or_exp><and_exp></and_exp></or_exp>
</condition>
</trans>

<trans id="90" from="6" to="7">
<condition id="-1">
<or_exp><and_exp></and_exp></or_exp>
</condition>
</trans>

<trans id="91" from="7" to="8">
<condition id="-1">
<or_exp><and_exp></and_exp></or_exp>
</condition>
</trans>

<trans id="92" from="8" to="9">
<condition id="-1">
<or_exp><and_exp></and_exp></or_exp>
</condition>
</trans>

<trans id="93" from="9" to="10">
<condition id="-1">
<or_exp><and_exp></and_exp></or_exp>
</condition>
</trans>

<trans id="94" from="10" to="11">
<condition id="-1">
<or_exp><and_exp></and_exp></or_exp>
</condition>
</trans>

<trans id="95" from="11" to="12">
<condition id="-1">
<or_exp><and_exp></and_exp></or_exp>
</condition>
</trans>

<trans id="96" from="12" to="13">
<condition id="-1">
<or_exp><and_exp></and_exp></or_exp>
</condition>
</trans>

<trans id="97" from="13" to="14">
<condition id="-1">
<or_exp><and_exp></and_exp></or_exp>
</condition>
</trans>
</trans_list>



<state_list>

<state id="1" st_id="1">

<operation id="16" st_id="1" stage="1" lat="1">
<core>NULL</core>
<MemPortIdVec></MemPortIdVec>
<condition id="-1">
<or_exp><and_exp></and_exp></or_exp>
</condition>

<Node id="9" bw="64" op_0_bw="32">
<![CDATA[
newFuncRoot:0 %indvar23 = alloca i32 1

]]></Node>
<StgValue><ssdm name="indvar23"/></StgValue>
</operation>

<operation id="17" st_id="1" stage="1" lat="1">
<core>NULL</core>
<MemPortIdVec></MemPortIdVec>
<condition id="-1">
<or_exp><and_exp></and_exp></or_exp>
</condition>

<Node id="10" bw="64" op_0_bw="32">
<![CDATA[
newFuncRoot:1 %indvar21 = alloca i32 1

]]></Node>
<StgValue><ssdm name="indvar21"/></StgValue>
</operation>

<operation id="18" st_id="1" stage="1" lat="1">
<core>NULL</core>
<MemPortIdVec></MemPortIdVec>
<condition id="-1">
<or_exp><and_exp></and_exp></or_exp>
</condition>

<Node id="11" bw="128" op_0_bw="32">
<![CDATA[
newFuncRoot:2 %indvar_flatten6 = alloca i32 1

]]></Node>
<StgValue><ssdm name="indvar_flatten6"/></StgValue>
</operation>

<operation id="19" st_id="1" stage="1" lat="1">
<core>NULL</core>
<MemPortIdVec></MemPortIdVec>
<condition id="-1">
<or_exp><and_exp></and_exp></or_exp>
</condition>

<Node id="12" bw="8" op_0_bw="8" op_1_bw="8">
<![CDATA[
newFuncRoot:3 %tmp = read i8 @_ssdm_op_Read.ap_auto.i8, i8 %empty

]]></Node>
<StgValue><ssdm name="tmp"/></StgValue>
</operation>

<operation id="20" st_id="1" stage="1" lat="1">
<core>NULL</core>
<MemPortIdVec></MemPortIdVec>
<condition id="-1">
<or_exp><and_exp></and_exp></or_exp>
</condition>

<Node id="13" bw="8" op_0_bw="8" op_1_bw="8">
<![CDATA[
newFuncRoot:4 %tmp_26 = read i8 @_ssdm_op_Read.ap_auto.i8, i8 %empty_65

]]></Node>
<StgValue><ssdm name="tmp_26"/></StgValue>
</operation>

<operation id="21" st_id="1" stage="1" lat="1">
<core>NULL</core>
<MemPortIdVec></MemPortIdVec>
<condition id="-1">
<or_exp><and_exp></and_exp></or_exp>
</condition>

<Node id="14" bw="8" op_0_bw="8" op_1_bw="8">
<![CDATA[
newFuncRoot:5 %tmp_27 = read i8 @_ssdm_op_Read.ap_auto.i8, i8 %empty_64

]]></Node>
<StgValue><ssdm name="tmp_27"/></StgValue>
</operation>

<operation id="22" st_id="1" stage="1" lat="1">
<core>NULL</core>
<MemPortIdVec></MemPortIdVec>
<condition id="-1">
<or_exp><and_exp></and_exp></or_exp>
</condition>

<Node id="15" bw="64" op_0_bw="64" op_1_bw="64">
<![CDATA[
newFuncRoot:6 %output_r_offset_read = read i64 @_ssdm_op_Read.ap_auto.i64, i64 %output_r_offset

]]></Node>
<StgValue><ssdm name="output_r_offset_read"/></StgValue>
</operation>

<operation id="23" st_id="1" stage="1" lat="1">
<core>NULL</core>
<MemPortIdVec></MemPortIdVec>
<condition id="-1">
<or_exp><and_exp></and_exp></or_exp>
</condition>

<Node id="16" bw="21" op_0_bw="21" op_1_bw="21">
<![CDATA[
newFuncRoot:7 %zext_ln28_1_read = read i21 @_ssdm_op_Read.ap_auto.i21, i21 %zext_ln28_1

]]></Node>
<StgValue><ssdm name="zext_ln28_1_read"/></StgValue>
</operation>

<operation id="24" st_id="1" stage="1" lat="1">
<core>NULL</core>
<MemPortIdVec></MemPortIdVec>
<condition id="-1">
<or_exp><and_exp></and_exp></or_exp>
</condition>

<Node id="17" bw="11" op_0_bw="11" op_1_bw="11">
<![CDATA[
newFuncRoot:8 %sext_ln27_read = read i11 @_ssdm_op_Read.ap_auto.i11, i11 %sext_ln27

]]></Node>
<StgValue><ssdm name="sext_ln27_read"/></StgValue>
</operation>

<operation id="25" st_id="1" stage="1" lat="1">
<core>NULL</core>
<MemPortIdVec></MemPortIdVec>
<condition id="-1">
<or_exp><and_exp></and_exp></or_exp>
</condition>

<Node id="18" bw="128" op_0_bw="128" op_1_bw="128">
<![CDATA[
newFuncRoot:9 %mul_ln31_read = read i128 @_ssdm_op_Read.ap_auto.i128, i128 %mul_ln31

]]></Node>
<StgValue><ssdm name="mul_ln31_read"/></StgValue>
</operation>

<operation id="26" st_id="1" stage="1" lat="1">
<core>NULL</core>
<MemPortIdVec></MemPortIdVec>
<condition id="-1">
<or_exp><and_exp></and_exp></or_exp>
</condition>

<Node id="19" bw="64" op_0_bw="21">
<![CDATA[
newFuncRoot:10 %zext_ln28_1_cast = zext i21 %zext_ln28_1_read

]]></Node>
<StgValue><ssdm name="zext_ln28_1_cast"/></StgValue>
</operation>

<operation id="27" st_id="1" stage="1" lat="1">
<core>NULL</core>
<MemPortIdVec></MemPortIdVec>
<condition id="-1">
<or_exp><and_exp></and_exp></or_exp>
</condition>

<Node id="20" bw="64" op_0_bw="11">
<![CDATA[
newFuncRoot:11 %sext_ln27_cast = sext i11 %sext_ln27_read

]]></Node>
<StgValue><ssdm name="sext_ln27_cast"/></StgValue>
</operation>

<operation id="28" st_id="1" stage="1" lat="1">
<core>NULL</core>
<MemPortIdVec></MemPortIdVec>
<condition id="-1">
<or_exp><and_exp></and_exp></or_exp>
</condition>

<Node id="21" bw="0" op_0_bw="0" op_1_bw="8" op_2_bw="0" op_3_bw="32" op_4_bw="32" op_5_bw="0" op_6_bw="32" op_7_bw="32" op_8_bw="0" op_9_bw="0" op_10_bw="0" op_11_bw="32" op_12_bw="32" op_13_bw="32" op_14_bw="32" op_15_bw="0" op_16_bw="0" op_17_bw="32" op_18_bw="32">
<![CDATA[
newFuncRoot:12 %specinterface_ln0 = specinterface void @_ssdm_op_SpecInterface, i8 %output_r, void @empty_11, i32 0, i32 0, void @empty_12, i32 0, i32 65536, void @empty_1, void @empty_0, void @empty_12, i32 16, i32 16, i32 16, i32 16, void @empty_12, void @empty_12, i32 4294967295, i32 0

]]></Node>
<StgValue><ssdm name="specinterface_ln0"/></StgValue>
</operation>

<operation id="29" st_id="1" stage="1" lat="1">
<core>NULL</core>
<MemPortIdVec></MemPortIdVec>
<condition id="-1">
<or_exp><and_exp></and_exp></or_exp>
</condition>

<Node id="22" bw="0" op_0_bw="128" op_1_bw="128">
<![CDATA[
newFuncRoot:13 %store_ln0 = store i128 0, i128 %indvar_flatten6

]]></Node>
<StgValue><ssdm name="store_ln0"/></StgValue>
</operation>

<operation id="30" st_id="1" stage="1" lat="1">
<core>NULL</core>
<MemPortIdVec></MemPortIdVec>
<condition id="-1">
<or_exp><and_exp></and_exp></or_exp>
</condition>

<Node id="23" bw="0" op_0_bw="64" op_1_bw="64">
<![CDATA[
newFuncRoot:14 %store_ln0 = store i64 0, i64 %indvar21

]]></Node>
<StgValue><ssdm name="store_ln0"/></StgValue>
</operation>

<operation id="31" st_id="1" stage="1" lat="1">
<core>NULL</core>
<MemPortIdVec></MemPortIdVec>
<condition id="-1">
<or_exp><and_exp></and_exp></or_exp>
</condition>

<Node id="24" bw="0" op_0_bw="64" op_1_bw="64">
<![CDATA[
newFuncRoot:15 %store_ln0 = store i64 0, i64 %indvar23

]]></Node>
<StgValue><ssdm name="store_ln0"/></StgValue>
</operation>

<operation id="32" st_id="1" stage="1" lat="1">
<core>NULL</core>
<MemPortIdVec></MemPortIdVec>
<condition id="-1">
<or_exp><and_exp></and_exp></or_exp>
</condition>

<Node id="25" bw="0" op_0_bw="0">
<![CDATA[
newFuncRoot:16 %br_ln0 = br void %for.cond62

]]></Node>
<StgValue><ssdm name="br_ln0"/></StgValue>
</operation>
</state>

<state id="2" st_id="2">

<operation id="33" st_id="2" stage="1" lat="1">
<core>NULL</core>
<MemPortIdVec></MemPortIdVec>
<condition id="-1">
<or_exp><and_exp></and_exp></or_exp>
</condition>

<Node id="27" bw="128" op_0_bw="128" op_1_bw="0">
<![CDATA[
for.cond62:0 %indvar_flatten6_load = load i128 %indvar_flatten6

]]></Node>
<StgValue><ssdm name="indvar_flatten6_load"/></StgValue>
</operation>

<operation id="34" st_id="2" stage="1" lat="1">
<core>NULL</core>
<MemPortIdVec></MemPortIdVec>
<condition id="-1">
<or_exp><and_exp></and_exp></or_exp>
</condition>

<Node id="28" bw="0" op_0_bw="0" op_1_bw="8">
<![CDATA[
for.cond62:1 %specbitsmap_ln0 = specbitsmap void @_ssdm_op_SpecBitsMap, i8 %output_r

]]></Node>
<StgValue><ssdm name="specbitsmap_ln0"/></StgValue>
</operation>

<operation id="35" st_id="2" stage="1" lat="1">
<core>Cmp</core>
<MemPortIdVec></MemPortIdVec>
<condition id="-1">
<or_exp><and_exp></and_exp></or_exp>
</condition>

<Node id="29" bw="1" op_0_bw="128" op_1_bw="128">
<![CDATA[
for.cond62:2 %icmp_ln52 = icmp_eq  i128 %indvar_flatten6_load, i128 %mul_ln31_read

]]></Node>
<StgValue><ssdm name="icmp_ln52"/></StgValue>
</operation>

<operation id="36" st_id="2" stage="1" lat="1">
<core>Adder</core>
<MemPortIdVec></MemPortIdVec>
<condition id="-1">
<or_exp><and_exp></and_exp></or_exp>
</condition>

<Node id="30" bw="128" op_0_bw="128" op_1_bw="128">
<![CDATA[
for.cond62:3 %add_ln52 = add i128 %indvar_flatten6_load, i128 1

]]></Node>
<StgValue><ssdm name="add_ln52"/></StgValue>
</operation>

<operation id="37" st_id="2" stage="1" lat="1">
<core>NULL</core>
<MemPortIdVec></MemPortIdVec>
<condition id="-1">
<or_exp><and_exp></and_exp></or_exp>
</condition>

<Node id="31" bw="0" op_0_bw="1" op_1_bw="0" op_2_bw="0">
<![CDATA[
for.cond62:4 %br_ln52 = br i1 %icmp_ln52, void %for.inc87, void %for.inc138.loopexit27.exitStub

]]></Node>
<StgValue><ssdm name="br_ln52"/></StgValue>
</operation>

<operation id="38" st_id="2" stage="1" lat="1">
<core>NULL</core>
<MemPortIdVec></MemPortIdVec>
<condition id="-1">
<or_exp><and_exp><literal name="icmp_ln52" val="0"/>
</and_exp></or_exp>
</condition>

<Node id="33" bw="64" op_0_bw="64" op_1_bw="0">
<![CDATA[
for.inc87:0 %indvar23_load = load i64 %indvar23

]]></Node>
<StgValue><ssdm name="indvar23_load"/></StgValue>
</operation>

<operation id="39" st_id="2" stage="1" lat="1">
<core>NULL</core>
<MemPortIdVec></MemPortIdVec>
<condition id="-1">
<or_exp><and_exp><literal name="icmp_ln52" val="0"/>
</and_exp></or_exp>
</condition>

<Node id="34" bw="64" op_0_bw="64" op_1_bw="0">
<![CDATA[
for.inc87:1 %indvar21_load = load i64 %indvar21

]]></Node>
<StgValue><ssdm name="indvar21_load"/></StgValue>
</operation>

<operation id="40" st_id="2" stage="1" lat="1">
<core>Cmp</core>
<MemPortIdVec></MemPortIdVec>
<condition id="-1">
<or_exp><and_exp><literal name="icmp_ln52" val="0"/>
</and_exp></or_exp>
</condition>

<Node id="36" bw="1" op_0_bw="64" op_1_bw="64">
<![CDATA[
for.inc87:3 %icmp_ln53 = icmp_eq  i64 %indvar23_load, i64 %sext_ln27_cast

]]></Node>
<StgValue><ssdm name="icmp_ln53"/></StgValue>
</operation>

<operation id="41" st_id="2" stage="1" lat="1">
<core>Adder</core>
<MemPortIdVec></MemPortIdVec>
<condition id="-1">
<or_exp><and_exp><literal name="icmp_ln52" val="0"/>
</and_exp></or_exp>
</condition>

<Node id="38" bw="64" op_0_bw="64" op_1_bw="64">
<![CDATA[
for.inc87:5 %add_ln52_1 = add i64 %indvar21_load, i64 1

]]></Node>
<StgValue><ssdm name="add_ln52_1"/></StgValue>
</operation>
</state>

<state id="3" st_id="3">

<operation id="42" st_id="3" stage="1" lat="1">
<core>Sel</core>
<MemPortIdVec></MemPortIdVec>
<condition id="-1">
<or_exp><and_exp><literal name="icmp_ln52" val="0"/>
</and_exp></or_exp>
</condition>

<Node id="37" bw="64" op_0_bw="1" op_1_bw="64" op_2_bw="64">
<![CDATA[
for.inc87:4 %select_ln53 = select i1 %icmp_ln53, i64 0, i64 %indvar23_load

]]></Node>
<StgValue><ssdm name="select_ln53"/></StgValue>
</operation>

<operation id="43" st_id="3" stage="1" lat="1">
<core>Sel</core>
<MemPortIdVec></MemPortIdVec>
<condition id="-1">
<or_exp><and_exp><literal name="icmp_ln52" val="0"/>
</and_exp></or_exp>
</condition>

<Node id="39" bw="64" op_0_bw="1" op_1_bw="64" op_2_bw="64">
<![CDATA[
for.inc87:6 %select_ln52 = select i1 %icmp_ln53, i64 %add_ln52_1, i64 %indvar21_load

]]></Node>
<StgValue><ssdm name="select_ln52"/></StgValue>
</operation>

<operation id="44" st_id="3" stage="1" lat="1">
<core>NULL</core>
<MemPortIdVec></MemPortIdVec>
<condition id="-1">
<or_exp><and_exp><literal name="icmp_ln52" val="0"/>
</and_exp></or_exp>
</condition>

<Node id="40" bw="64" op_0_bw="64" op_1_bw="64">
<![CDATA[
for.inc87:7 %shl_ln52 = shl i64 %select_ln52, i64 11

]]></Node>
<StgValue><ssdm name="shl_ln52"/></StgValue>
</operation>

<operation id="45" st_id="3" stage="1" lat="1">
<core>NULL</core>
<MemPortIdVec></MemPortIdVec>
<condition id="-1">
<or_exp><and_exp><literal name="icmp_ln52" val="0"/>
</and_exp></or_exp>
</condition>

<Node id="41" bw="64" op_0_bw="64" op_1_bw="64">
<![CDATA[
for.inc87:8 %shl_ln52_1 = shl i64 %select_ln52, i64 7

]]></Node>
<StgValue><ssdm name="shl_ln52_1"/></StgValue>
</operation>

<operation id="46" st_id="3" stage="1" lat="1">
<core>Adder</core>
<MemPortIdVec></MemPortIdVec>
<condition id="-1">
<or_exp><and_exp><literal name="icmp_ln52" val="0"/>
</and_exp></or_exp>
</condition>

<Node id="42" bw="64" op_0_bw="64" op_1_bw="64">
<![CDATA[
for.inc87:9 %sub_ln52 = sub i64 %shl_ln52, i64 %shl_ln52_1

]]></Node>
<StgValue><ssdm name="sub_ln52"/></StgValue>
</operation>

<operation id="47" st_id="3" stage="1" lat="1">
<core>NULL</core>
<MemPortIdVec></MemPortIdVec>
<condition id="-1">
<or_exp><and_exp><literal name="icmp_ln52" val="0"/>
</and_exp></or_exp>
</condition>

<Node id="56" bw="0" op_0_bw="128" op_1_bw="128" op_2_bw="0" op_3_bw="0">
<![CDATA[
for.inc87:23 %store_ln52 = store i128 %add_ln52, i128 %indvar_flatten6

]]></Node>
<StgValue><ssdm name="store_ln52"/></StgValue>
</operation>

<operation id="48" st_id="3" stage="1" lat="1">
<core>NULL</core>
<MemPortIdVec></MemPortIdVec>
<condition id="-1">
<or_exp><and_exp><literal name="icmp_ln52" val="0"/>
</and_exp></or_exp>
</condition>

<Node id="57" bw="0" op_0_bw="64" op_1_bw="64" op_2_bw="0" op_3_bw="0">
<![CDATA[
for.inc87:24 %store_ln52 = store i64 %select_ln52, i64 %indvar21

]]></Node>
<StgValue><ssdm name="store_ln52"/></StgValue>
</operation>
</state>

<state id="4" st_id="4">

<operation id="49" st_id="4" stage="1" lat="1">
<core>NULL</core>
<MemPortIdVec></MemPortIdVec>
<condition id="-1">
<or_exp><and_exp><literal name="icmp_ln52" val="0"/>
</and_exp></or_exp>
</condition>

<Node id="43" bw="64" op_0_bw="64" op_1_bw="64">
<![CDATA[
for.inc87:10 %shl_ln53 = shl i64 %select_ln53, i64 2

]]></Node>
<StgValue><ssdm name="shl_ln53"/></StgValue>
</operation>

<operation id="50" st_id="4" stage="1" lat="1">
<core>TAddSub</core>
<MemPortIdVec></MemPortIdVec>
<condition id="-1">
<or_exp><and_exp><literal name="icmp_ln52" val="0"/>
</and_exp></or_exp>
</condition>

<Node id="44" bw="64" op_0_bw="64" op_1_bw="64">
<![CDATA[
for.inc87:11 %sub_ln53 = sub i64 %shl_ln53, i64 %select_ln53

]]></Node>
<StgValue><ssdm name="sub_ln53"/></StgValue>
</operation>

<operation id="51" st_id="4" stage="1" lat="1">
<core>TAddSub</core>
<MemPortIdVec></MemPortIdVec>
<condition id="-1">
<or_exp><and_exp><literal name="icmp_ln52" val="0"/>
</and_exp></or_exp>
</condition>

<Node id="46" bw="64" op_0_bw="64" op_1_bw="64">
<![CDATA[
for.inc87:13 %add_ln53_3 = add i64 %sub_ln52, i64 %sub_ln53

]]></Node>
<StgValue><ssdm name="add_ln53_3"/></StgValue>
</operation>

<operation id="52" st_id="4" stage="1" lat="1">
<core>Adder</core>
<MemPortIdVec></MemPortIdVec>
<condition id="-1">
<or_exp><and_exp><literal name="icmp_ln52" val="0"/>
</and_exp></or_exp>
</condition>

<Node id="55" bw="64" op_0_bw="64" op_1_bw="64">
<![CDATA[
for.inc87:22 %add_ln53_2 = add i64 %select_ln53, i64 1

]]></Node>
<StgValue><ssdm name="add_ln53_2"/></StgValue>
</operation>

<operation id="53" st_id="4" stage="1" lat="1">
<core>NULL</core>
<MemPortIdVec></MemPortIdVec>
<condition id="-1">
<or_exp><and_exp><literal name="icmp_ln52" val="0"/>
</and_exp></or_exp>
</condition>

<Node id="58" bw="0" op_0_bw="64" op_1_bw="64" op_2_bw="0" op_3_bw="0">
<![CDATA[
for.inc87:25 %store_ln53 = store i64 %add_ln53_2, i64 %indvar23

]]></Node>
<StgValue><ssdm name="store_ln53"/></StgValue>
</operation>
</state>

<state id="5" st_id="5">

<operation id="54" st_id="5" stage="1" lat="1">
<core>TAddSub</core>
<MemPortIdVec></MemPortIdVec>
<condition id="-1">
<or_exp><and_exp></and_exp></or_exp>
</condition>

<Node id="45" bw="64" op_0_bw="64" op_1_bw="64">
<![CDATA[
for.inc87:12 %add_ln53 = add i64 %zext_ln28_1_cast, i64 %output_r_offset_read

]]></Node>
<StgValue><ssdm name="add_ln53"/></StgValue>
</operation>

<operation id="55" st_id="5" stage="1" lat="1">
<core>TAddSub</core>
<MemPortIdVec></MemPortIdVec>
<condition id="-1">
<or_exp><and_exp></and_exp></or_exp>
</condition>

<Node id="47" bw="64" op_0_bw="64" op_1_bw="64">
<![CDATA[
for.inc87:14 %add_ln53_1 = add i64 %add_ln53_3, i64 %add_ln53

]]></Node>
<StgValue><ssdm name="add_ln53_1"/></StgValue>
</operation>

<operation id="56" st_id="5" stage="1" lat="1">
<core>NULL</core>
<MemPortIdVec></MemPortIdVec>
<condition id="-1">
<or_exp><and_exp></and_exp></or_exp>
</condition>

<Node id="49" bw="64" op_0_bw="64" op_1_bw="64">
<![CDATA[
for.inc87:16 %output_r_addr = getelementptr i8 %output_r, i64 %add_ln53_1

]]></Node>
<StgValue><ssdm name="output_r_addr"/></StgValue>
</operation>
</state>

<state id="6" st_id="6">

<operation id="57" st_id="6" stage="1" lat="1">
<core>m_axi</core>
<MemPortIdVec></MemPortIdVec>
<condition id="-1">
<or_exp><and_exp></and_exp></or_exp>
</condition>

<Node id="50" bw="1" op_0_bw="1" op_1_bw="8" op_2_bw="32">
<![CDATA[
for.inc87:17 %empty_258 = writereq i1 @_ssdm_op_WriteReq.m_axi.p1i8, i64 %output_r_addr, i32 3

]]></Node>
<StgValue><ssdm name="empty_258"/></StgValue>
</operation>
</state>

<state id="7" st_id="7">

<operation id="58" st_id="7" stage="1" lat="1">
<core>m_axi</core>
<MemPortIdVec></MemPortIdVec>
<condition id="-1">
<or_exp><and_exp></and_exp></or_exp>
</condition>

<Node id="51" bw="0" op_0_bw="0" op_1_bw="8" op_2_bw="8" op_3_bw="1" op_4_bw="0">
<![CDATA[
for.inc87:18 %write_ln53 = write void @_ssdm_op_Write.m_axi.p1i8, i64 %output_r_addr, i8 %tmp_27, i1 1

]]></Node>
<StgValue><ssdm name="write_ln53"/></StgValue>
</operation>
</state>

<state id="8" st_id="8">

<operation id="59" st_id="8" stage="1" lat="1">
<core>m_axi</core>
<MemPortIdVec></MemPortIdVec>
<condition id="-1">
<or_exp><and_exp></and_exp></or_exp>
</condition>

<Node id="52" bw="0" op_0_bw="0" op_1_bw="8" op_2_bw="8" op_3_bw="1" op_4_bw="0">
<![CDATA[
for.inc87:19 %write_ln53 = write void @_ssdm_op_Write.m_axi.p1i8, i64 %output_r_addr, i8 %tmp_26, i1 1

]]></Node>
<StgValue><ssdm name="write_ln53"/></StgValue>
</operation>
</state>

<state id="9" st_id="9">

<operation id="60" st_id="9" stage="1" lat="1">
<core>m_axi</core>
<MemPortIdVec></MemPortIdVec>
<condition id="-1">
<or_exp><and_exp></and_exp></or_exp>
</condition>

<Node id="53" bw="0" op_0_bw="0" op_1_bw="8" op_2_bw="8" op_3_bw="1" op_4_bw="0">
<![CDATA[
for.inc87:20 %write_ln53 = write void @_ssdm_op_Write.m_axi.p1i8, i64 %output_r_addr, i8 %tmp, i1 1

]]></Node>
<StgValue><ssdm name="write_ln53"/></StgValue>
</operation>
</state>

<state id="10" st_id="10">

<operation id="61" st_id="10" stage="5" lat="5">
<core>m_axi</core>
<MemPortIdVec></MemPortIdVec>
<condition id="-1">
<or_exp><and_exp></and_exp></or_exp>
</condition>

<Node id="54" bw="1" op_0_bw="1" op_1_bw="8" op_2_bw="0">
<![CDATA[
for.inc87:21 %empty_259 = writeresp i1 @_ssdm_op_WriteResp.m_axi.p1i8, i64 %output_r_addr

]]></Node>
<StgValue><ssdm name="empty_259"/></StgValue>
</operation>
</state>

<state id="11" st_id="11">

<operation id="62" st_id="11" stage="4" lat="5">
<core>m_axi</core>
<MemPortIdVec></MemPortIdVec>
<condition id="-1">
<or_exp><and_exp></and_exp></or_exp>
</condition>

<Node id="54" bw="1" op_0_bw="1" op_1_bw="8" op_2_bw="0">
<![CDATA[
for.inc87:21 %empty_259 = writeresp i1 @_ssdm_op_WriteResp.m_axi.p1i8, i64 %output_r_addr

]]></Node>
<StgValue><ssdm name="empty_259"/></StgValue>
</operation>

<operation id="69" st_id="11" stage="1" lat="1">
<core>NULL</core>
<MemPortIdVec></MemPortIdVec>
<condition id="-1">
<or_exp><and_exp><literal name="icmp_ln52" val="1"/>
</and_exp></or_exp>
</condition>

<Node id="61" bw="0">
<![CDATA[
for.inc138.loopexit27.exitStub:0 %ret_ln0 = ret

]]></Node>
<StgValue><ssdm name="ret_ln0"/></StgValue>
</operation>
</state>

<state id="12" st_id="12">

<operation id="63" st_id="12" stage="3" lat="5">
<core>m_axi</core>
<MemPortIdVec></MemPortIdVec>
<condition id="-1">
<or_exp><and_exp></and_exp></or_exp>
</condition>

<Node id="54" bw="1" op_0_bw="1" op_1_bw="8" op_2_bw="0">
<![CDATA[
for.inc87:21 %empty_259 = writeresp i1 @_ssdm_op_WriteResp.m_axi.p1i8, i64 %output_r_addr

]]></Node>
<StgValue><ssdm name="empty_259"/></StgValue>
</operation>
</state>

<state id="13" st_id="13">

<operation id="64" st_id="13" stage="2" lat="5">
<core>m_axi</core>
<MemPortIdVec></MemPortIdVec>
<condition id="-1">
<or_exp><and_exp></and_exp></or_exp>
</condition>

<Node id="54" bw="1" op_0_bw="1" op_1_bw="8" op_2_bw="0">
<![CDATA[
for.inc87:21 %empty_259 = writeresp i1 @_ssdm_op_WriteResp.m_axi.p1i8, i64 %output_r_addr

]]></Node>
<StgValue><ssdm name="empty_259"/></StgValue>
</operation>
</state>

<state id="14" st_id="14">

<operation id="65" st_id="14" stage="1" lat="1">
<core>NULL</core>
<MemPortIdVec></MemPortIdVec>
<condition id="-1">
<or_exp><and_exp></and_exp></or_exp>
</condition>

<Node id="35" bw="0" op_0_bw="0" op_1_bw="0">
<![CDATA[
for.inc87:2 %specloopname_ln0 = specloopname void @_ssdm_op_SpecLoopName, void @VITIS_LOOP_52_5_VITIS_LOOP_53_6_str

]]></Node>
<StgValue><ssdm name="specloopname_ln0"/></StgValue>
</operation>

<operation id="66" st_id="14" stage="1" lat="1">
<core>NULL</core>
<MemPortIdVec></MemPortIdVec>
<condition id="-1">
<or_exp><and_exp></and_exp></or_exp>
</condition>

<Node id="48" bw="0" op_0_bw="0" op_1_bw="32" op_2_bw="32" op_3_bw="32" op_4_bw="32" op_5_bw="0">
<![CDATA[
for.inc87:15 %specpipeline_ln53 = specpipeline void @_ssdm_op_SpecPipeline, i32 4294967295, i32 0, i32 0, i32 0, void @empty_12

]]></Node>
<StgValue><ssdm name="specpipeline_ln53"/></StgValue>
</operation>

<operation id="67" st_id="14" stage="1" lat="5">
<core>m_axi</core>
<MemPortIdVec></MemPortIdVec>
<condition id="-1">
<or_exp><and_exp></and_exp></or_exp>
</condition>

<Node id="54" bw="1" op_0_bw="1" op_1_bw="8" op_2_bw="0">
<![CDATA[
for.inc87:21 %empty_259 = writeresp i1 @_ssdm_op_WriteResp.m_axi.p1i8, i64 %output_r_addr

]]></Node>
<StgValue><ssdm name="empty_259"/></StgValue>
</operation>

<operation id="68" st_id="14" stage="1" lat="1">
<core>NULL</core>
<MemPortIdVec></MemPortIdVec>
<condition id="-1">
<or_exp><and_exp></and_exp></or_exp>
</condition>

<Node id="59" bw="0" op_0_bw="0">
<![CDATA[
for.inc87:26 %br_ln53 = br void %for.cond62

]]></Node>
<StgValue><ssdm name="br_ln53"/></StgValue>
</operation>
</state>
</state_list>


<ports>
<port id="102" name="output_r" dir="1" iftype="4">
<core>NULL</core><StgValue><ssdm name="output_r"/></StgValue>
</port>
<port id="103" name="mul_ln31" dir="0" iftype="0">
<core>NULL</core><StgValue><ssdm name="mul_ln31"/></StgValue>
</port>
<port id="104" name="sext_ln27" dir="0" iftype="0">
<core>NULL</core><StgValue><ssdm name="sext_ln27"/></StgValue>
</port>
<port id="105" name="zext_ln28_1" dir="0" iftype="0">
<core>NULL</core><StgValue><ssdm name="zext_ln28_1"/></StgValue>
</port>
<port id="106" name="output_r_offset" dir="0" iftype="0">
<core>NULL</core><StgValue><ssdm name="output_r_offset"/></StgValue>
</port>
<port id="107" name="empty_64" dir="0" iftype="0">
<core>NULL</core><StgValue><ssdm name="empty_64"/></StgValue>
</port>
<port id="108" name="empty_65" dir="0" iftype="0">
<core>NULL</core><StgValue><ssdm name="empty_65"/></StgValue>
</port>
<port id="109" name="empty" dir="0" iftype="0">
<core>NULL</core><StgValue><ssdm name="empty"/></StgValue>
</port>
</ports>


<dataflows>
<dataflow id="111" from="StgValue_110" to="indvar23" fromId="110" toId="16">
</dataflow>
<dataflow id="112" from="StgValue_110" to="indvar21" fromId="110" toId="17">
</dataflow>
<dataflow id="113" from="StgValue_110" to="indvar_flatten6" fromId="110" toId="18">
</dataflow>
<dataflow id="115" from="_ssdm_op_Read.ap_auto.i8" to="tmp" fromId="114" toId="19">
</dataflow>
<dataflow id="116" from="empty" to="tmp" fromId="109" toId="19">
</dataflow>
<dataflow id="117" from="_ssdm_op_Read.ap_auto.i8" to="tmp_26" fromId="114" toId="20">
</dataflow>
<dataflow id="118" from="empty_65" to="tmp_26" fromId="108" toId="20">
</dataflow>
<dataflow id="119" from="_ssdm_op_Read.ap_auto.i8" to="tmp_27" fromId="114" toId="21">
</dataflow>
<dataflow id="120" from="empty_64" to="tmp_27" fromId="107" toId="21">
</dataflow>
<dataflow id="122" from="_ssdm_op_Read.ap_auto.i64" to="output_r_offset_read" fromId="121" toId="22">
</dataflow>
<dataflow id="123" from="output_r_offset" to="output_r_offset_read" fromId="106" toId="22">
</dataflow>
<dataflow id="125" from="_ssdm_op_Read.ap_auto.i21" to="zext_ln28_1_read" fromId="124" toId="23">
</dataflow>
<dataflow id="126" from="zext_ln28_1" to="zext_ln28_1_read" fromId="105" toId="23">
</dataflow>
<dataflow id="128" from="_ssdm_op_Read.ap_auto.i11" to="sext_ln27_read" fromId="127" toId="24">
</dataflow>
<dataflow id="129" from="sext_ln27" to="sext_ln27_read" fromId="104" toId="24">
</dataflow>
<dataflow id="131" from="_ssdm_op_Read.ap_auto.i128" to="mul_ln31_read" fromId="130" toId="25">
</dataflow>
<dataflow id="132" from="mul_ln31" to="mul_ln31_read" fromId="103" toId="25">
</dataflow>
<dataflow id="133" from="zext_ln28_1_read" to="zext_ln28_1_cast" fromId="23" toId="26">
</dataflow>
<dataflow id="134" from="sext_ln27_read" to="sext_ln27_cast" fromId="24" toId="27">
</dataflow>
<dataflow id="136" from="_ssdm_op_SpecInterface" to="specinterface_ln0" fromId="135" toId="28">
</dataflow>
<dataflow id="137" from="output_r" to="specinterface_ln0" fromId="102" toId="28">
</dataflow>
<dataflow id="139" from="empty_11" to="specinterface_ln0" fromId="138" toId="28">
</dataflow>
<dataflow id="141" from="StgValue_140" to="specinterface_ln0" fromId="140" toId="28">
</dataflow>
<dataflow id="142" from="StgValue_140" to="specinterface_ln0" fromId="140" toId="28">
</dataflow>
<dataflow id="144" from="empty_12" to="specinterface_ln0" fromId="143" toId="28">
</dataflow>
<dataflow id="145" from="StgValue_140" to="specinterface_ln0" fromId="140" toId="28">
</dataflow>
<dataflow id="147" from="StgValue_146" to="specinterface_ln0" fromId="146" toId="28">
</dataflow>
<dataflow id="149" from="empty_1" to="specinterface_ln0" fromId="148" toId="28">
</dataflow>
<dataflow id="151" from="empty_0" to="specinterface_ln0" fromId="150" toId="28">
</dataflow>
<dataflow id="152" from="empty_12" to="specinterface_ln0" fromId="143" toId="28">
</dataflow>
<dataflow id="154" from="StgValue_153" to="specinterface_ln0" fromId="153" toId="28">
</dataflow>
<dataflow id="155" from="StgValue_153" to="specinterface_ln0" fromId="153" toId="28">
</dataflow>
<dataflow id="156" from="StgValue_153" to="specinterface_ln0" fromId="153" toId="28">
</dataflow>
<dataflow id="157" from="StgValue_153" to="specinterface_ln0" fromId="153" toId="28">
</dataflow>
<dataflow id="158" from="empty_12" to="specinterface_ln0" fromId="143" toId="28">
</dataflow>
<dataflow id="159" from="empty_12" to="specinterface_ln0" fromId="143" toId="28">
</dataflow>
<dataflow id="161" from="StgValue_160" to="specinterface_ln0" fromId="160" toId="28">
</dataflow>
<dataflow id="162" from="StgValue_140" to="specinterface_ln0" fromId="140" toId="28">
</dataflow>
<dataflow id="164" from="StgValue_163" to="store_ln0" fromId="163" toId="29">
</dataflow>
<dataflow id="165" from="indvar_flatten6" to="store_ln0" fromId="18" toId="29">
</dataflow>
<dataflow id="167" from="StgValue_166" to="store_ln0" fromId="166" toId="30">
</dataflow>
<dataflow id="168" from="indvar21" to="store_ln0" fromId="17" toId="30">
</dataflow>
<dataflow id="169" from="StgValue_166" to="store_ln0" fromId="166" toId="31">
</dataflow>
<dataflow id="170" from="indvar23" to="store_ln0" fromId="16" toId="31">
</dataflow>
<dataflow id="171" from="indvar_flatten6" to="indvar_flatten6_load" fromId="18" toId="33">
</dataflow>
<dataflow id="173" from="_ssdm_op_SpecBitsMap" to="specbitsmap_ln0" fromId="172" toId="34">
</dataflow>
<dataflow id="174" from="output_r" to="specbitsmap_ln0" fromId="102" toId="34">
</dataflow>
<dataflow id="175" from="indvar_flatten6_load" to="icmp_ln52" fromId="33" toId="35">
</dataflow>
<dataflow id="176" from="mul_ln31_read" to="icmp_ln52" fromId="25" toId="35">
</dataflow>
<dataflow id="177" from="indvar_flatten6_load" to="add_ln52" fromId="33" toId="36">
</dataflow>
<dataflow id="179" from="StgValue_178" to="add_ln52" fromId="178" toId="36">
</dataflow>
<dataflow id="180" from="icmp_ln52" to="br_ln52" fromId="35" toId="37">
</dataflow>
<dataflow id="181" from="indvar23" to="indvar23_load" fromId="16" toId="38">
</dataflow>
<dataflow id="182" from="indvar21" to="indvar21_load" fromId="17" toId="39">
</dataflow>
<dataflow id="183" from="indvar23_load" to="icmp_ln53" fromId="38" toId="40">
</dataflow>
<dataflow id="184" from="sext_ln27_cast" to="icmp_ln53" fromId="27" toId="40">
</dataflow>
<dataflow id="185" from="indvar21_load" to="add_ln52_1" fromId="39" toId="41">
</dataflow>
<dataflow id="187" from="StgValue_186" to="add_ln52_1" fromId="186" toId="41">
</dataflow>
<dataflow id="188" from="icmp_ln53" to="select_ln53" fromId="40" toId="42">
</dataflow>
<dataflow id="189" from="StgValue_166" to="select_ln53" fromId="166" toId="42">
</dataflow>
<dataflow id="190" from="indvar23_load" to="select_ln53" fromId="38" toId="42">
</dataflow>
<dataflow id="191" from="icmp_ln53" to="select_ln52" fromId="40" toId="43">
</dataflow>
<dataflow id="192" from="add_ln52_1" to="select_ln52" fromId="41" toId="43">
</dataflow>
<dataflow id="193" from="indvar21_load" to="select_ln52" fromId="39" toId="43">
</dataflow>
<dataflow id="194" from="select_ln52" to="shl_ln52" fromId="43" toId="44">
</dataflow>
<dataflow id="196" from="StgValue_195" to="shl_ln52" fromId="195" toId="44">
</dataflow>
<dataflow id="197" from="select_ln52" to="shl_ln52_1" fromId="43" toId="45">
</dataflow>
<dataflow id="199" from="StgValue_198" to="shl_ln52_1" fromId="198" toId="45">
</dataflow>
<dataflow id="200" from="shl_ln52" to="sub_ln52" fromId="44" toId="46">
</dataflow>
<dataflow id="201" from="shl_ln52_1" to="sub_ln52" fromId="45" toId="46">
</dataflow>
<dataflow id="202" from="add_ln52" to="store_ln52" fromId="36" toId="47">
</dataflow>
<dataflow id="203" from="indvar_flatten6" to="store_ln52" fromId="18" toId="47">
</dataflow>
<dataflow id="204" from="select_ln52" to="store_ln52" fromId="43" toId="48">
</dataflow>
<dataflow id="205" from="indvar21" to="store_ln52" fromId="17" toId="48">
</dataflow>
<dataflow id="206" from="select_ln53" to="shl_ln53" fromId="42" toId="49">
</dataflow>
<dataflow id="208" from="StgValue_207" to="shl_ln53" fromId="207" toId="49">
</dataflow>
<dataflow id="209" from="shl_ln53" to="sub_ln53" fromId="49" toId="50">
</dataflow>
<dataflow id="210" from="select_ln53" to="sub_ln53" fromId="42" toId="50">
</dataflow>
<dataflow id="211" from="sub_ln52" to="add_ln53_3" fromId="46" toId="51">
</dataflow>
<dataflow id="212" from="sub_ln53" to="add_ln53_3" fromId="50" toId="51">
</dataflow>
<dataflow id="213" from="select_ln53" to="add_ln53_2" fromId="42" toId="52">
</dataflow>
<dataflow id="214" from="StgValue_186" to="add_ln53_2" fromId="186" toId="52">
</dataflow>
<dataflow id="215" from="add_ln53_2" to="store_ln53" fromId="52" toId="53">
</dataflow>
<dataflow id="216" from="indvar23" to="store_ln53" fromId="16" toId="53">
</dataflow>
<dataflow id="217" from="zext_ln28_1_cast" to="add_ln53" fromId="26" toId="54">
</dataflow>
<dataflow id="218" from="output_r_offset_read" to="add_ln53" fromId="22" toId="54">
</dataflow>
<dataflow id="219" from="add_ln53_3" to="add_ln53_1" fromId="51" toId="55">
</dataflow>
<dataflow id="220" from="add_ln53" to="add_ln53_1" fromId="54" toId="55">
</dataflow>
<dataflow id="221" from="output_r" to="output_r_addr" fromId="102" toId="56">
</dataflow>
<dataflow id="222" from="add_ln53_1" to="output_r_addr" fromId="55" toId="56">
</dataflow>
<dataflow id="224" from="_ssdm_op_WriteReq.m_axi.p1i8" to="empty_258" fromId="223" toId="57">
</dataflow>
<dataflow id="225" from="output_r_addr" to="empty_258" fromId="56" toId="57">
</dataflow>
<dataflow id="227" from="StgValue_226" to="empty_258" fromId="226" toId="57">
</dataflow>
<dataflow id="229" from="_ssdm_op_Write.m_axi.p1i8" to="write_ln53" fromId="228" toId="58">
</dataflow>
<dataflow id="230" from="output_r_addr" to="write_ln53" fromId="56" toId="58">
</dataflow>
<dataflow id="231" from="tmp_27" to="write_ln53" fromId="21" toId="58">
</dataflow>
<dataflow id="233" from="StgValue_232" to="write_ln53" fromId="232" toId="58">
</dataflow>
<dataflow id="234" from="_ssdm_op_Write.m_axi.p1i8" to="write_ln53" fromId="228" toId="59">
</dataflow>
<dataflow id="235" from="output_r_addr" to="write_ln53" fromId="56" toId="59">
</dataflow>
<dataflow id="236" from="tmp_26" to="write_ln53" fromId="20" toId="59">
</dataflow>
<dataflow id="237" from="StgValue_232" to="write_ln53" fromId="232" toId="59">
</dataflow>
<dataflow id="238" from="_ssdm_op_Write.m_axi.p1i8" to="write_ln53" fromId="228" toId="60">
</dataflow>
<dataflow id="239" from="output_r_addr" to="write_ln53" fromId="56" toId="60">
</dataflow>
<dataflow id="240" from="tmp" to="write_ln53" fromId="19" toId="60">
</dataflow>
<dataflow id="241" from="StgValue_232" to="write_ln53" fromId="232" toId="60">
</dataflow>
<dataflow id="243" from="_ssdm_op_WriteResp.m_axi.p1i8" to="empty_259" fromId="242" toId="61">
</dataflow>
<dataflow id="244" from="output_r_addr" to="empty_259" fromId="56" toId="61">
</dataflow>
<dataflow id="245" from="_ssdm_op_WriteResp.m_axi.p1i8" to="empty_259" fromId="242" toId="62">
</dataflow>
<dataflow id="246" from="output_r_addr" to="empty_259" fromId="56" toId="62">
</dataflow>
<dataflow id="247" from="_ssdm_op_WriteResp.m_axi.p1i8" to="empty_259" fromId="242" toId="63">
</dataflow>
<dataflow id="248" from="output_r_addr" to="empty_259" fromId="56" toId="63">
</dataflow>
<dataflow id="249" from="_ssdm_op_WriteResp.m_axi.p1i8" to="empty_259" fromId="242" toId="64">
</dataflow>
<dataflow id="250" from="output_r_addr" to="empty_259" fromId="56" toId="64">
</dataflow>
<dataflow id="252" from="_ssdm_op_SpecLoopName" to="specloopname_ln0" fromId="251" toId="65">
</dataflow>
<dataflow id="254" from="VITIS_LOOP_52_5_VITIS_LOOP_53_6_str" to="specloopname_ln0" fromId="253" toId="65">
</dataflow>
<dataflow id="256" from="_ssdm_op_SpecPipeline" to="specpipeline_ln53" fromId="255" toId="66">
</dataflow>
<dataflow id="257" from="StgValue_160" to="specpipeline_ln53" fromId="160" toId="66">
</dataflow>
<dataflow id="258" from="StgValue_140" to="specpipeline_ln53" fromId="140" toId="66">
</dataflow>
<dataflow id="259" from="StgValue_140" to="specpipeline_ln53" fromId="140" toId="66">
</dataflow>
<dataflow id="260" from="StgValue_140" to="specpipeline_ln53" fromId="140" toId="66">
</dataflow>
<dataflow id="261" from="empty_12" to="specpipeline_ln53" fromId="143" toId="66">
</dataflow>
<dataflow id="262" from="_ssdm_op_WriteResp.m_axi.p1i8" to="empty_259" fromId="242" toId="67">
</dataflow>
<dataflow id="263" from="output_r_addr" to="empty_259" fromId="56" toId="67">
</dataflow>
<dataflow id="264" from="icmp_ln52" to="StgValue_2" fromId="35" toId="2">
</dataflow>
<dataflow id="265" from="icmp_ln52" to="StgValue_3" fromId="35" toId="3">
</dataflow>
<dataflow id="266" from="icmp_ln52" to="StgValue_4" fromId="35" toId="4">
</dataflow>
<dataflow id="267" from="icmp_ln52" to="StgValue_11" fromId="35" toId="11">
</dataflow>
</dataflows>


</stg>
