<profile>

<section name = "Vitis HLS Report for 'ImageTransform'" level="0">
<item name = "Date">Fri Jun 14 11:19:43 2024
</item>
<item name = "Version">2023.2 (Build 4023990 on Oct 11 2023)</item>
<item name = "Project">HLS_examen</item>
<item name = "Solution">solution1 (Vivado IP Flow Target)</item>
<item name = "Product family">zynq</item>
<item name = "Target device">xc7z020-clg400-1</item>
</section>

<section name = "Performance Estimates" level="0">
<item name = "Timing">
<section name = "" level="1">
<item name = "Summary"><table name="" hasTotal="0">
<keys size="4">Clock, Target, Estimated, Uncertainty</keys>
<column name="ap_clk">8.00 ns, 6.442 ns, 2.16 ns</column>
</table>
</item>
</section>
</item>
<item name = "Latency">
<section name = "" level="1">
<item name = "Summary"><table name="" hasTotal="0">
<keys size="8">, min, max, min, max, min, max, Type</keys>
<column name="">?, ?, ?, ?, ?, ?, no</column>
</table>
</item>
<item name = "Detail">
<section name = "" level="1">
<item name = "Instance"><table name="" hasTotal="0">
<keys size="9">Instance, Module, min, max, min, max, min, max, Type</keys>
<column name="grp_pow_generic_double_s_fu_234">pow_generic_double_s, 69, 69, 0.552 us, 0.552 us, 1, 1, yes</column>
<column name="grp_pow_generic_double_s_fu_263">pow_generic_double_s, 69, 69, 0.552 us, 0.552 us, 1, 1, yes</column>
<column name="grp_ImageTransform_Pipeline_VITIS_LOOP_63_7_VITIS_LOOP_64_8_fu_292">ImageTransform_Pipeline_VITIS_LOOP_63_7_VITIS_LOOP_64_8, ?, ?, ?, ?, ?, ?, no</column>
<column name="grp_ImageTransform_Pipeline_VITIS_LOOP_34_3_VITIS_LOOP_35_4_fu_305">ImageTransform_Pipeline_VITIS_LOOP_34_3_VITIS_LOOP_35_4, ?, ?, ?, ?, ?, ?, no</column>
<column name="grp_ImageTransform_Pipeline_VITIS_LOOP_52_5_VITIS_LOOP_53_6_fu_318">ImageTransform_Pipeline_VITIS_LOOP_52_5_VITIS_LOOP_53_6, ?, ?, ?, ?, ?, ?, no</column>
</table>
</item>
<item name = "Loop"><table name="" hasTotal="0">
<keys size="8">Loop Name, min, max, Latency, achieved, target, Count, Pipelined</keys>
<column name="- VITIS_LOOP_26_1_VITIS_LOOP_27_2">?, ?, ?, -, -, 1849, no</column>
</table>
</item>
</section>
</item>
</section>
</item>
</section>

<section name = "Utilization Estimates" level="0">
<item name = "Summary"><table name="" hasTotal="1">
<keys size="6">Name, BRAM_18K, DSP, FF, LUT, URAM</keys>
<column name="DSP">-, 1, -, -, -</column>
<column name="Expression">-, -, 0, 1809, -</column>
<column name="FIFO">-, -, -, -, -</column>
<column name="Instance">64, 161, 26335, 20393, -</column>
<column name="Memory">-, -, -, -, -</column>
<column name="Multiplexer">-, -, -, 1652, -</column>
<column name="Register">-, -, 1630, -, -</column>
<specialColumn name="Available">280, 220, 106400, 53200, 0</specialColumn>
<specialColumn name="Utilization (%)">22, 73, 26, 44, 0</specialColumn>
</table>
</item>
<item name = "Detail">
<section name = "" level="1">
<item name = "Instance"><table name="" hasTotal="1">
<keys size="7">Instance, Module, BRAM_18K, DSP, FF, LUT, URAM</keys>
<column name="grp_ImageTransform_Pipeline_VITIS_LOOP_34_3_VITIS_LOOP_35_4_fu_305">ImageTransform_Pipeline_VITIS_LOOP_34_3_VITIS_LOOP_35_4, 0, 0, 1094, 1259, 0</column>
<column name="grp_ImageTransform_Pipeline_VITIS_LOOP_52_5_VITIS_LOOP_53_6_fu_318">ImageTransform_Pipeline_VITIS_LOOP_52_5_VITIS_LOOP_53_6, 0, 0, 988, 1137, 0</column>
<column name="grp_ImageTransform_Pipeline_VITIS_LOOP_63_7_VITIS_LOOP_64_8_fu_292">ImageTransform_Pipeline_VITIS_LOOP_63_7_VITIS_LOOP_64_8, 0, 0, 1194, 1283, 0</column>
<column name="control_r_s_axi_U">control_r_s_axi, 0, 0, 170, 296, 0</column>
<column name="control_s_axi_U">control_s_axi, 0, 0, 112, 168, 0</column>
<column name="dadd_64ns_64ns_64_8_full_dsp_1_U67">dadd_64ns_64ns_64_8_full_dsp_1, 0, 3, 687, 1071, 0</column>
<column name="dsqrt_64ns_64ns_64_57_no_dsp_1_U70">dsqrt_64ns_64ns_64_57_no_dsp_1, 0, 0, 0, 0, 0</column>
<column name="input_r_m_axi_U">input_r_m_axi, 2, 0, 866, 854, 0</column>
<column name="mul_11s_11s_22_1_1_U73">mul_11s_11s_22_1_1, 0, 1, 0, 6, 0</column>
<column name="mul_64ns_64ns_128_3_1_U71">mul_64ns_64ns_128_3_1, 0, 16, 34, 47, 0</column>
<column name="mul_6ns_16ns_21_1_1_U72">mul_6ns_16ns_21_1_1, 0, 1, 0, 6, 0</column>
<column name="output_r_m_axi_U">output_r_m_axi, 2, 0, 866, 854, 0</column>
<column name="grp_pow_generic_double_s_fu_234">pow_generic_double_s, 30, 70, 9571, 6349, 0</column>
<column name="grp_pow_generic_double_s_fu_263">pow_generic_double_s, 30, 70, 9571, 6349, 0</column>
<column name="sdiv_32ns_22s_8_36_seq_1_U74">sdiv_32ns_22s_8_36_seq_1, 0, 0, 394, 238, 0</column>
<column name="sdiv_32ns_22s_8_36_seq_1_U75">sdiv_32ns_22s_8_36_seq_1, 0, 0, 394, 238, 0</column>
<column name="sdiv_32ns_22s_8_36_seq_1_U76">sdiv_32ns_22s_8_36_seq_1, 0, 0, 394, 238, 0</column>
<column name="sitodp_32ns_64_7_no_dsp_1_U68">sitodp_32ns_64_7_no_dsp_1, 0, 0, 0, 0, 0</column>
<column name="sitodp_32ns_64_7_no_dsp_1_U69">sitodp_32ns_64_7_no_dsp_1, 0, 0, 0, 0, 0</column>
</table>
</item>
<item name = "DSP"><table name="" hasTotal="0">
<keys size="3">Instance, Module, Expression</keys>
<column name="mac_muladd_6ns_6ns_21ns_21_4_1_U77">mac_muladd_6ns_6ns_21ns_21_4_1, i0 * i1 + i2</column>
</table>
</item>
<item name = "Memory"><table name="" hasTotal="1">
<keys size="10">Memory, Module, BRAM_18K, FF, LUT, URAM, Words, Bits, Banks, W*Bits*Banks</keys>
</table>
</item>
<item name = "FIFO"><table name="" hasTotal="1">
<keys size="8">Name, BRAM_18K, FF, LUT, URAM, Depth, Bits, Size:D*B</keys>
</table>
</item>
<item name = "Expression"><table name="" hasTotal="1">
<keys size="7">Variable Name, Operation, DSP, FF, LUT, Bitwidth P0, Bitwidth P1</keys>
<column name="add_ln26_1_fu_513_p2">+, 0, 0, 13, 10, 4</column>
<column name="add_ln26_2_fu_518_p2">+, 0, 0, 13, 10, 4</column>
<column name="add_ln26_3_fu_542_p2">+, 0, 0, 12, 11, 4</column>
<column name="add_ln26_4_fu_666_p2">+, 0, 0, 14, 6, 1</column>
<column name="add_ln26_fu_487_p2">+, 0, 0, 12, 11, 1</column>
<column name="add_ln27_1_fu_976_p2">+, 0, 0, 14, 6, 1</column>
<column name="add_ln27_2_fu_981_p2">+, 0, 0, 12, 11, 4</column>
<column name="add_ln27_3_fu_986_p2">+, 0, 0, 13, 10, 4</column>
<column name="add_ln27_fu_932_p2">+, 0, 0, 13, 10, 4</column>
<column name="add_ln486_fu_784_p2">+, 0, 0, 12, 12, 11</column>
<column name="empty_fu_409_p2">-, 0, 0, 39, 32, 32</column>
<column name="p_mid121_fu_582_p2">-, 0, 0, 39, 32, 32</column>
<column name="result_2_fu_914_p2">-, 0, 0, 39, 1, 32</column>
<column name="sub_ln18_fu_798_p2">-, 0, 0, 12, 10, 11</column>
<column name="sub_ln26_1_fu_461_p2">-, 0, 0, 12, 11, 11</column>
<column name="sub_ln26_2_fu_548_p2">-, 0, 0, 12, 11, 11</column>
<column name="sub_ln26_3_fu_572_p2">-, 0, 0, 12, 11, 11</column>
<column name="sub_ln26_fu_439_p2">-, 0, 0, 12, 11, 11</column>
<column name="sub_ln27_1_fu_737_p2">-, 0, 0, 12, 11, 11</column>
<column name="sub_ln27_fu_721_p2">-, 0, 0, 12, 11, 11</column>
<column name="sub_ln28_fu_614_p2">-, 0, 0, 39, 32, 32</column>
<column name="ap_block_state263_on_subcall_done">and, 0, 0, 2, 1, 1</column>
<column name="icmp_ln26_1_fu_445_p2">icmp, 0, 0, 13, 10, 10</column>
<column name="icmp_ln26_2_fu_467_p2">icmp, 0, 0, 12, 11, 11</column>
<column name="icmp_ln26_3_fu_481_p2">icmp, 0, 0, 12, 11, 9</column>
<column name="icmp_ln26_4_fu_524_p2">icmp, 0, 0, 13, 10, 10</column>
<column name="icmp_ln26_5_fu_554_p2">icmp, 0, 0, 13, 10, 10</column>
<column name="icmp_ln26_6_fu_619_p2">icmp, 0, 0, 12, 11, 11</column>
<column name="icmp_ln26_fu_423_p2">icmp, 0, 0, 13, 10, 10</column>
<column name="icmp_ln27_1_fu_688_p2">icmp, 0, 0, 13, 10, 10</column>
<column name="icmp_ln27_2_fu_743_p2">icmp, 0, 0, 12, 11, 11</column>
<column name="icmp_ln27_3_fu_499_p2">icmp, 0, 0, 14, 6, 6</column>
<column name="icmp_ln27_fu_683_p2">icmp, 0, 0, 13, 10, 10</column>
<column name="icmp_ln30_fu_926_p2">icmp, 0, 0, 39, 32, 7</column>
<column name="lshr_ln18_fu_852_p2">lshr, 0, 0, 460, 137, 137</column>
<column name="result_fu_919_p3">select, 0, 0, 32, 1, 32</column>
<column name="select_ln18_fu_808_p3">select, 0, 0, 12, 1, 12</column>
<column name="select_ln26_1_fu_450_p3">select, 0, 0, 10, 1, 10</column>
<column name="select_ln26_2_fu_473_p3">select, 0, 0, 11, 1, 11</column>
<column name="select_ln26_3_fu_530_p3">select, 0, 0, 10, 1, 10</column>
<column name="select_ln26_4_fu_560_p3">select, 0, 0, 10, 1, 10</column>
<column name="select_ln26_5_fu_623_p3">select, 0, 0, 11, 1, 11</column>
<column name="select_ln26_6_fu_587_p3">select, 0, 0, 10, 1, 10</column>
<column name="select_ln26_7_fu_594_p3">select, 0, 0, 10, 1, 10</column>
<column name="select_ln26_8_fu_602_p3">select, 0, 0, 11, 1, 11</column>
<column name="select_ln26_fu_428_p3">select, 0, 0, 10, 1, 10</column>
<column name="select_ln27_1_fu_727_p3">select, 0, 0, 10, 1, 10</column>
<column name="select_ln27_2_fu_749_p3">select, 0, 0, 11, 1, 11</column>
<column name="select_ln27_fu_712_p3">select, 0, 0, 10, 1, 10</column>
<column name="select_ln63_1_fu_653_p3">select, 0, 0, 10, 1, 4</column>
<column name="select_ln63_2_fu_696_p3">select, 0, 0, 11, 1, 2</column>
<column name="select_ln63_3_fu_660_p3">select, 0, 0, 6, 1, 1</column>
<column name="select_ln63_4_fu_629_p3">select, 0, 0, 11, 1, 11</column>
<column name="select_ln63_5_fu_672_p3">select, 0, 0, 6, 1, 6</column>
<column name="select_ln63_6_fu_641_p3">select, 0, 0, 64, 1, 64</column>
<column name="select_ln63_fu_505_p3">select, 0, 0, 10, 1, 1</column>
<column name="val_fu_884_p3">select, 0, 0, 32, 1, 32</column>
<column name="shl_ln18_fu_858_p2">shl, 0, 0, 460, 137, 137</column>
<column name="xor_ln27_fu_757_p2">xor, 0, 0, 11, 11, 2</column>
<column name="xor_ln63_fu_635_p2">xor, 0, 0, 11, 11, 2</column>
</table>
</item>
<item name = "Multiplexer"><table name="" hasTotal="1">
<keys size="5">Name, LUT, Input Size, Bits, Total Bits</keys>
<column name="ap_NS_fsm">1403, 264, 1, 264</column>
<column name="grp_fu_335_p0">14, 3, 32, 96</column>
<column name="indvar15_fu_162">9, 2, 6, 12</column>
<column name="indvar_flatten23_fu_194">9, 2, 11, 22</column>
<column name="indvar_fu_178">9, 2, 6, 12</column>
<column name="indvars_iv49_fu_182">9, 2, 11, 22</column>
<column name="input_r_ARADDR">14, 3, 64, 192</column>
<column name="input_r_ARLEN">14, 3, 32, 96</column>
<column name="input_r_ARVALID">14, 3, 1, 3</column>
<column name="input_r_RREADY">14, 3, 1, 3</column>
<column name="output_r_AWADDR">14, 3, 64, 192</column>
<column name="output_r_AWLEN">14, 3, 32, 96</column>
<column name="output_r_AWVALID">14, 3, 1, 3</column>
<column name="output_r_BREADY">14, 3, 1, 3</column>
<column name="output_r_WDATA">14, 3, 8, 24</column>
<column name="output_r_WSTRB">14, 3, 1, 3</column>
<column name="output_r_WVALID">14, 3, 1, 3</column>
<column name="phi_ln26_1_fu_186">9, 2, 10, 20</column>
<column name="phi_ln26_fu_166">9, 2, 11, 22</column>
<column name="phi_ln27_1_fu_170">9, 2, 10, 20</column>
<column name="x_fu_174">9, 2, 10, 20</column>
<column name="y_fu_190">9, 2, 10, 20</column>
</table>
</item>
<item name = "Register"><table name="" hasTotal="1">
<keys size="5">Name, FF, LUT, Bits, Const Bits</keys>
<column name="add_ln26_reg_1162">11, 0, 11, 0</column>
<column name="add_ln27_reg_1362">10, 0, 10, 0</column>
<column name="add_ln28_reg_1338">21, 0, 21, 0</column>
<column name="add_reg_1247">64, 0, 64, 0</column>
<column name="ap_CS_fsm">263, 0, 263, 0</column>
<column name="avgB_reg_1393">8, 0, 8, 0</column>
<column name="avgG_reg_1388">8, 0, 8, 0</column>
<column name="avgR_reg_1383">8, 0, 8, 0</column>
<column name="centerX_read_reg_1106">32, 0, 32, 0</column>
<column name="centerY_read_reg_1100">32, 0, 32, 0</column>
<column name="data_reg_1308">64, 0, 64, 0</column>
<column name="dc_reg_1303">64, 0, 64, 0</column>
<column name="empty_reg_1144">32, 0, 32, 0</column>
<column name="grp_ImageTransform_Pipeline_VITIS_LOOP_34_3_VITIS_LOOP_35_4_fu_305_ap_start_reg">1, 0, 1, 0</column>
<column name="grp_ImageTransform_Pipeline_VITIS_LOOP_52_5_VITIS_LOOP_53_6_fu_318_ap_start_reg">1, 0, 1, 0</column>
<column name="grp_ImageTransform_Pipeline_VITIS_LOOP_63_7_VITIS_LOOP_64_8_fu_292_ap_start_reg">1, 0, 1, 0</column>
<column name="grp_pow_generic_double_s_fu_234_ap_start_reg">1, 0, 1, 0</column>
<column name="grp_pow_generic_double_s_fu_263_ap_start_reg">1, 0, 1, 0</column>
<column name="icmp_ln27_1_reg_1279">1, 0, 1, 0</column>
<column name="icmp_ln27_3_reg_1170">1, 0, 1, 0</column>
<column name="icmp_ln27_reg_1274">1, 0, 1, 0</column>
<column name="icmp_ln30_reg_1358">1, 0, 1, 0</column>
<column name="imageRGBA_read_reg_1117">64, 0, 64, 0</column>
<column name="indvar15_fu_162">6, 0, 6, 0</column>
<column name="indvar_flatten23_fu_194">11, 0, 11, 0</column>
<column name="indvar_fu_178">6, 0, 6, 0</column>
<column name="indvars_iv49_fu_182">11, 0, 11, 0</column>
<column name="mul_ln31_reg_1367">128, 0, 128, 0</column>
<column name="mul_ln63_reg_1289">21, 0, 21, 0</column>
<column name="output_r_offset_read_reg_1111">64, 0, 64, 0</column>
<column name="p_mid121_reg_1201">32, 0, 32, 0</column>
<column name="phi_ln26_1_fu_186">10, 0, 10, 0</column>
<column name="phi_ln26_fu_166">11, 0, 11, 0</column>
<column name="phi_ln27_1_fu_170">10, 0, 10, 0</column>
<column name="reg_352">64, 0, 64, 0</column>
<column name="select_ln18_reg_1323">12, 0, 12, 0</column>
<column name="select_ln26_2_reg_1149">11, 0, 11, 0</column>
<column name="select_ln26_6_reg_1206">10, 0, 10, 0</column>
<column name="select_ln26_7_reg_1211">10, 0, 10, 0</column>
<column name="select_ln26_8_reg_1216">11, 0, 11, 0</column>
<column name="select_ln63_1_reg_1252">10, 0, 10, 0</column>
<column name="select_ln63_2_reg_1284">11, 0, 11, 0</column>
<column name="select_ln63_3_reg_1258">6, 0, 6, 0</column>
<column name="select_ln63_5_reg_1263">6, 0, 6, 0</column>
<column name="select_ln63_6_reg_1237">64, 0, 64, 0</column>
<column name="select_ln63_reg_1180">10, 0, 10, 0</column>
<column name="sext_ln31_1_reg_1351">32, 0, 32, 0</column>
<column name="sub_ln26_2_reg_1189">11, 0, 11, 0</column>
<column name="sub_ln26_3_reg_1195">11, 0, 11, 0</column>
<column name="sub_ln28_reg_1221">32, 0, 32, 0</column>
<column name="tmp_29_reg_1318">1, 0, 1, 0</column>
<column name="tmp_reg_1154">64, 0, 64, 0</column>
<column name="tmp_s_reg_1242">64, 0, 64, 0</column>
<column name="trunc_ln505_reg_1313">52, 0, 52, 0</column>
<column name="val_reg_1345">32, 0, 32, 0</column>
<column name="x_assign_1_reg_1232">64, 0, 64, 0</column>
<column name="x_fu_174">10, 0, 10, 0</column>
<column name="xor_ln27_reg_1294">11, 0, 11, 0</column>
<column name="xor_ln63_reg_1226">11, 0, 11, 0</column>
<column name="y_fu_190">10, 0, 10, 0</column>
</table>
</item>
</section>
</item>
</section>

<section name = "Interface" level="0">
<item name = "Summary"><table name="" hasTotal="0">
<keys size="6">RTL Ports, Dir, Bits, Protocol, Source Object, C Type</keys>
<column name="s_axi_control_AWVALID">in, 1, s_axi, control, scalar</column>
<column name="s_axi_control_AWREADY">out, 1, s_axi, control, scalar</column>
<column name="s_axi_control_AWADDR">in, 5, s_axi, control, scalar</column>
<column name="s_axi_control_WVALID">in, 1, s_axi, control, scalar</column>
<column name="s_axi_control_WREADY">out, 1, s_axi, control, scalar</column>
<column name="s_axi_control_WDATA">in, 32, s_axi, control, scalar</column>
<column name="s_axi_control_WSTRB">in, 4, s_axi, control, scalar</column>
<column name="s_axi_control_ARVALID">in, 1, s_axi, control, scalar</column>
<column name="s_axi_control_ARREADY">out, 1, s_axi, control, scalar</column>
<column name="s_axi_control_ARADDR">in, 5, s_axi, control, scalar</column>
<column name="s_axi_control_RVALID">out, 1, s_axi, control, scalar</column>
<column name="s_axi_control_RREADY">in, 1, s_axi, control, scalar</column>
<column name="s_axi_control_RDATA">out, 32, s_axi, control, scalar</column>
<column name="s_axi_control_RRESP">out, 2, s_axi, control, scalar</column>
<column name="s_axi_control_BVALID">out, 1, s_axi, control, scalar</column>
<column name="s_axi_control_BREADY">in, 1, s_axi, control, scalar</column>
<column name="s_axi_control_BRESP">out, 2, s_axi, control, scalar</column>
<column name="s_axi_control_r_AWVALID">in, 1, s_axi, control_r, scalar</column>
<column name="s_axi_control_r_AWREADY">out, 1, s_axi, control_r, scalar</column>
<column name="s_axi_control_r_AWADDR">in, 6, s_axi, control_r, scalar</column>
<column name="s_axi_control_r_WVALID">in, 1, s_axi, control_r, scalar</column>
<column name="s_axi_control_r_WREADY">out, 1, s_axi, control_r, scalar</column>
<column name="s_axi_control_r_WDATA">in, 32, s_axi, control_r, scalar</column>
<column name="s_axi_control_r_WSTRB">in, 4, s_axi, control_r, scalar</column>
<column name="s_axi_control_r_ARVALID">in, 1, s_axi, control_r, scalar</column>
<column name="s_axi_control_r_ARREADY">out, 1, s_axi, control_r, scalar</column>
<column name="s_axi_control_r_ARADDR">in, 6, s_axi, control_r, scalar</column>
<column name="s_axi_control_r_RVALID">out, 1, s_axi, control_r, scalar</column>
<column name="s_axi_control_r_RREADY">in, 1, s_axi, control_r, scalar</column>
<column name="s_axi_control_r_RDATA">out, 32, s_axi, control_r, scalar</column>
<column name="s_axi_control_r_RRESP">out, 2, s_axi, control_r, scalar</column>
<column name="s_axi_control_r_BVALID">out, 1, s_axi, control_r, scalar</column>
<column name="s_axi_control_r_BREADY">in, 1, s_axi, control_r, scalar</column>
<column name="s_axi_control_r_BRESP">out, 2, s_axi, control_r, scalar</column>
<column name="ap_clk">in, 1, ap_ctrl_hs, ImageTransform, return value</column>
<column name="ap_rst_n">in, 1, ap_ctrl_hs, ImageTransform, return value</column>
<column name="interrupt">out, 1, ap_ctrl_hs, ImageTransform, return value</column>
<column name="m_axi_input_r_AWVALID">out, 1, m_axi, input_r, pointer</column>
<column name="m_axi_input_r_AWREADY">in, 1, m_axi, input_r, pointer</column>
<column name="m_axi_input_r_AWADDR">out, 64, m_axi, input_r, pointer</column>
<column name="m_axi_input_r_AWID">out, 1, m_axi, input_r, pointer</column>
<column name="m_axi_input_r_AWLEN">out, 8, m_axi, input_r, pointer</column>
<column name="m_axi_input_r_AWSIZE">out, 3, m_axi, input_r, pointer</column>
<column name="m_axi_input_r_AWBURST">out, 2, m_axi, input_r, pointer</column>
<column name="m_axi_input_r_AWLOCK">out, 2, m_axi, input_r, pointer</column>
<column name="m_axi_input_r_AWCACHE">out, 4, m_axi, input_r, pointer</column>
<column name="m_axi_input_r_AWPROT">out, 3, m_axi, input_r, pointer</column>
<column name="m_axi_input_r_AWQOS">out, 4, m_axi, input_r, pointer</column>
<column name="m_axi_input_r_AWREGION">out, 4, m_axi, input_r, pointer</column>
<column name="m_axi_input_r_AWUSER">out, 1, m_axi, input_r, pointer</column>
<column name="m_axi_input_r_WVALID">out, 1, m_axi, input_r, pointer</column>
<column name="m_axi_input_r_WREADY">in, 1, m_axi, input_r, pointer</column>
<column name="m_axi_input_r_WDATA">out, 32, m_axi, input_r, pointer</column>
<column name="m_axi_input_r_WSTRB">out, 4, m_axi, input_r, pointer</column>
<column name="m_axi_input_r_WLAST">out, 1, m_axi, input_r, pointer</column>
<column name="m_axi_input_r_WID">out, 1, m_axi, input_r, pointer</column>
<column name="m_axi_input_r_WUSER">out, 1, m_axi, input_r, pointer</column>
<column name="m_axi_input_r_ARVALID">out, 1, m_axi, input_r, pointer</column>
<column name="m_axi_input_r_ARREADY">in, 1, m_axi, input_r, pointer</column>
<column name="m_axi_input_r_ARADDR">out, 64, m_axi, input_r, pointer</column>
<column name="m_axi_input_r_ARID">out, 1, m_axi, input_r, pointer</column>
<column name="m_axi_input_r_ARLEN">out, 8, m_axi, input_r, pointer</column>
<column name="m_axi_input_r_ARSIZE">out, 3, m_axi, input_r, pointer</column>
<column name="m_axi_input_r_ARBURST">out, 2, m_axi, input_r, pointer</column>
<column name="m_axi_input_r_ARLOCK">out, 2, m_axi, input_r, pointer</column>
<column name="m_axi_input_r_ARCACHE">out, 4, m_axi, input_r, pointer</column>
<column name="m_axi_input_r_ARPROT">out, 3, m_axi, input_r, pointer</column>
<column name="m_axi_input_r_ARQOS">out, 4, m_axi, input_r, pointer</column>
<column name="m_axi_input_r_ARREGION">out, 4, m_axi, input_r, pointer</column>
<column name="m_axi_input_r_ARUSER">out, 1, m_axi, input_r, pointer</column>
<column name="m_axi_input_r_RVALID">in, 1, m_axi, input_r, pointer</column>
<column name="m_axi_input_r_RREADY">out, 1, m_axi, input_r, pointer</column>
<column name="m_axi_input_r_RDATA">in, 32, m_axi, input_r, pointer</column>
<column name="m_axi_input_r_RLAST">in, 1, m_axi, input_r, pointer</column>
<column name="m_axi_input_r_RID">in, 1, m_axi, input_r, pointer</column>
<column name="m_axi_input_r_RUSER">in, 1, m_axi, input_r, pointer</column>
<column name="m_axi_input_r_RRESP">in, 2, m_axi, input_r, pointer</column>
<column name="m_axi_input_r_BVALID">in, 1, m_axi, input_r, pointer</column>
<column name="m_axi_input_r_BREADY">out, 1, m_axi, input_r, pointer</column>
<column name="m_axi_input_r_BRESP">in, 2, m_axi, input_r, pointer</column>
<column name="m_axi_input_r_BID">in, 1, m_axi, input_r, pointer</column>
<column name="m_axi_input_r_BUSER">in, 1, m_axi, input_r, pointer</column>
<column name="m_axi_output_r_AWVALID">out, 1, m_axi, output_r, pointer</column>
<column name="m_axi_output_r_AWREADY">in, 1, m_axi, output_r, pointer</column>
<column name="m_axi_output_r_AWADDR">out, 64, m_axi, output_r, pointer</column>
<column name="m_axi_output_r_AWID">out, 1, m_axi, output_r, pointer</column>
<column name="m_axi_output_r_AWLEN">out, 8, m_axi, output_r, pointer</column>
<column name="m_axi_output_r_AWSIZE">out, 3, m_axi, output_r, pointer</column>
<column name="m_axi_output_r_AWBURST">out, 2, m_axi, output_r, pointer</column>
<column name="m_axi_output_r_AWLOCK">out, 2, m_axi, output_r, pointer</column>
<column name="m_axi_output_r_AWCACHE">out, 4, m_axi, output_r, pointer</column>
<column name="m_axi_output_r_AWPROT">out, 3, m_axi, output_r, pointer</column>
<column name="m_axi_output_r_AWQOS">out, 4, m_axi, output_r, pointer</column>
<column name="m_axi_output_r_AWREGION">out, 4, m_axi, output_r, pointer</column>
<column name="m_axi_output_r_AWUSER">out, 1, m_axi, output_r, pointer</column>
<column name="m_axi_output_r_WVALID">out, 1, m_axi, output_r, pointer</column>
<column name="m_axi_output_r_WREADY">in, 1, m_axi, output_r, pointer</column>
<column name="m_axi_output_r_WDATA">out, 32, m_axi, output_r, pointer</column>
<column name="m_axi_output_r_WSTRB">out, 4, m_axi, output_r, pointer</column>
<column name="m_axi_output_r_WLAST">out, 1, m_axi, output_r, pointer</column>
<column name="m_axi_output_r_WID">out, 1, m_axi, output_r, pointer</column>
<column name="m_axi_output_r_WUSER">out, 1, m_axi, output_r, pointer</column>
<column name="m_axi_output_r_ARVALID">out, 1, m_axi, output_r, pointer</column>
<column name="m_axi_output_r_ARREADY">in, 1, m_axi, output_r, pointer</column>
<column name="m_axi_output_r_ARADDR">out, 64, m_axi, output_r, pointer</column>
<column name="m_axi_output_r_ARID">out, 1, m_axi, output_r, pointer</column>
<column name="m_axi_output_r_ARLEN">out, 8, m_axi, output_r, pointer</column>
<column name="m_axi_output_r_ARSIZE">out, 3, m_axi, output_r, pointer</column>
<column name="m_axi_output_r_ARBURST">out, 2, m_axi, output_r, pointer</column>
<column name="m_axi_output_r_ARLOCK">out, 2, m_axi, output_r, pointer</column>
<column name="m_axi_output_r_ARCACHE">out, 4, m_axi, output_r, pointer</column>
<column name="m_axi_output_r_ARPROT">out, 3, m_axi, output_r, pointer</column>
<column name="m_axi_output_r_ARQOS">out, 4, m_axi, output_r, pointer</column>
<column name="m_axi_output_r_ARREGION">out, 4, m_axi, output_r, pointer</column>
<column name="m_axi_output_r_ARUSER">out, 1, m_axi, output_r, pointer</column>
<column name="m_axi_output_r_RVALID">in, 1, m_axi, output_r, pointer</column>
<column name="m_axi_output_r_RREADY">out, 1, m_axi, output_r, pointer</column>
<column name="m_axi_output_r_RDATA">in, 32, m_axi, output_r, pointer</column>
<column name="m_axi_output_r_RLAST">in, 1, m_axi, output_r, pointer</column>
<column name="m_axi_output_r_RID">in, 1, m_axi, output_r, pointer</column>
<column name="m_axi_output_r_RUSER">in, 1, m_axi, output_r, pointer</column>
<column name="m_axi_output_r_RRESP">in, 2, m_axi, output_r, pointer</column>
<column name="m_axi_output_r_BVALID">in, 1, m_axi, output_r, pointer</column>
<column name="m_axi_output_r_BREADY">out, 1, m_axi, output_r, pointer</column>
<column name="m_axi_output_r_BRESP">in, 2, m_axi, output_r, pointer</column>
<column name="m_axi_output_r_BID">in, 1, m_axi, output_r, pointer</column>
<column name="m_axi_output_r_BUSER">in, 1, m_axi, output_r, pointer</column>
</table>
</item>
</section>
</profile>
