<stg><name>ImageTransform_Pipeline_VITIS_LOOP_34_3_VITIS_LOOP_35_4</name>


<trans_list>

<trans id="96" from="1" to="2">
<condition id="-1">
<or_exp><and_exp></and_exp></or_exp>
</condition>
</trans>

<trans id="132" from="2" to="3">
<condition id="-1">
<or_exp><and_exp></and_exp></or_exp>
</condition>
</trans>

<trans id="116" from="3" to="4">
<condition id="-1">
<or_exp><and_exp></and_exp></or_exp>
</condition>
</trans>

<trans id="117" from="4" to="5">
<condition id="-1">
<or_exp><and_exp></and_exp></or_exp>
</condition>
</trans>

<trans id="118" from="5" to="6">
<condition id="-1">
<or_exp><and_exp></and_exp></or_exp>
</condition>
</trans>

<trans id="119" from="6" to="7">
<condition id="-1">
<or_exp><and_exp></and_exp></or_exp>
</condition>
</trans>

<trans id="120" from="7" to="8">
<condition id="-1">
<or_exp><and_exp></and_exp></or_exp>
</condition>
</trans>

<trans id="121" from="8" to="9">
<condition id="-1">
<or_exp><and_exp></and_exp></or_exp>
</condition>
</trans>

<trans id="122" from="9" to="10">
<condition id="-1">
<or_exp><and_exp></and_exp></or_exp>
</condition>
</trans>

<trans id="123" from="10" to="11">
<condition id="-1">
<or_exp><and_exp></and_exp></or_exp>
</condition>
</trans>

<trans id="124" from="11" to="12">
<condition id="-1">
<or_exp><and_exp></and_exp></or_exp>
</condition>
</trans>

<trans id="125" from="12" to="13">
<condition id="-1">
<or_exp><and_exp></and_exp></or_exp>
</condition>
</trans>

<trans id="126" from="13" to="14">
<condition id="-1">
<or_exp><and_exp></and_exp></or_exp>
</condition>
</trans>

<trans id="127" from="14" to="15">
<condition id="-1">
<or_exp><and_exp></and_exp></or_exp>
</condition>
</trans>

<trans id="128" from="15" to="16">
<condition id="-1">
<or_exp><and_exp></and_exp></or_exp>
</condition>
</trans>

<trans id="129" from="16" to="17">
<condition id="-1">
<or_exp><and_exp></and_exp></or_exp>
</condition>
</trans>
</trans_list>



<state_list>

<state id="1" st_id="1">

<operation id="19" st_id="1" stage="1" lat="1">
<core>NULL</core>
<MemPortIdVec></MemPortIdVec>
<condition id="-1">
<or_exp><and_exp></and_exp></or_exp>
</condition>

<Node id="9" bw="32" op_0_bw="32">
<![CDATA[
newFuncRoot:0 %sumB = alloca i32 1

]]></Node>
<StgValue><ssdm name="sumB"/></StgValue>
</operation>

<operation id="20" st_id="1" stage="1" lat="1">
<core>NULL</core>
<MemPortIdVec></MemPortIdVec>
<condition id="-1">
<or_exp><and_exp></and_exp></or_exp>
</condition>

<Node id="10" bw="32" op_0_bw="32">
<![CDATA[
newFuncRoot:1 %sumG = alloca i32 1

]]></Node>
<StgValue><ssdm name="sumG"/></StgValue>
</operation>

<operation id="21" st_id="1" stage="1" lat="1">
<core>NULL</core>
<MemPortIdVec></MemPortIdVec>
<condition id="-1">
<or_exp><and_exp></and_exp></or_exp>
</condition>

<Node id="11" bw="32" op_0_bw="32">
<![CDATA[
newFuncRoot:2 %sumR = alloca i32 1

]]></Node>
<StgValue><ssdm name="sumR"/></StgValue>
</operation>

<operation id="22" st_id="1" stage="1" lat="1">
<core>NULL</core>
<MemPortIdVec></MemPortIdVec>
<condition id="-1">
<or_exp><and_exp></and_exp></or_exp>
</condition>

<Node id="12" bw="64" op_0_bw="32">
<![CDATA[
newFuncRoot:3 %indvar19 = alloca i32 1

]]></Node>
<StgValue><ssdm name="indvar19"/></StgValue>
</operation>

<operation id="23" st_id="1" stage="1" lat="1">
<core>NULL</core>
<MemPortIdVec></MemPortIdVec>
<condition id="-1">
<or_exp><and_exp></and_exp></or_exp>
</condition>

<Node id="13" bw="64" op_0_bw="32">
<![CDATA[
newFuncRoot:4 %indvar17 = alloca i32 1

]]></Node>
<StgValue><ssdm name="indvar17"/></StgValue>
</operation>

<operation id="24" st_id="1" stage="1" lat="1">
<core>NULL</core>
<MemPortIdVec></MemPortIdVec>
<condition id="-1">
<or_exp><and_exp></and_exp></or_exp>
</condition>

<Node id="14" bw="128" op_0_bw="32">
<![CDATA[
newFuncRoot:5 %indvar_flatten = alloca i32 1

]]></Node>
<StgValue><ssdm name="indvar_flatten"/></StgValue>
</operation>

<operation id="25" st_id="1" stage="1" lat="1">
<core>NULL</core>
<MemPortIdVec></MemPortIdVec>
<condition id="-1">
<or_exp><and_exp></and_exp></or_exp>
</condition>

<Node id="15" bw="64" op_0_bw="64" op_1_bw="64">
<![CDATA[
newFuncRoot:6 %imageRGBA_read = read i64 @_ssdm_op_Read.ap_auto.i64, i64 %imageRGBA

]]></Node>
<StgValue><ssdm name="imageRGBA_read"/></StgValue>
</operation>

<operation id="26" st_id="1" stage="1" lat="1">
<core>NULL</core>
<MemPortIdVec></MemPortIdVec>
<condition id="-1">
<or_exp><and_exp></and_exp></or_exp>
</condition>

<Node id="16" bw="21" op_0_bw="21" op_1_bw="21">
<![CDATA[
newFuncRoot:7 %zext_ln28_1_read = read i21 @_ssdm_op_Read.ap_auto.i21, i21 %zext_ln28_1

]]></Node>
<StgValue><ssdm name="zext_ln28_1_read"/></StgValue>
</operation>

<operation id="27" st_id="1" stage="1" lat="1">
<core>NULL</core>
<MemPortIdVec></MemPortIdVec>
<condition id="-1">
<or_exp><and_exp></and_exp></or_exp>
</condition>

<Node id="17" bw="11" op_0_bw="11" op_1_bw="11">
<![CDATA[
newFuncRoot:8 %sext_ln27_read = read i11 @_ssdm_op_Read.ap_auto.i11, i11 %sext_ln27

]]></Node>
<StgValue><ssdm name="sext_ln27_read"/></StgValue>
</operation>

<operation id="28" st_id="1" stage="1" lat="1">
<core>NULL</core>
<MemPortIdVec></MemPortIdVec>
<condition id="-1">
<or_exp><and_exp></and_exp></or_exp>
</condition>

<Node id="18" bw="128" op_0_bw="128" op_1_bw="128">
<![CDATA[
newFuncRoot:9 %mul_ln31_read = read i128 @_ssdm_op_Read.ap_auto.i128, i128 %mul_ln31

]]></Node>
<StgValue><ssdm name="mul_ln31_read"/></StgValue>
</operation>

<operation id="29" st_id="1" stage="1" lat="1">
<core>NULL</core>
<MemPortIdVec></MemPortIdVec>
<condition id="-1">
<or_exp><and_exp></and_exp></or_exp>
</condition>

<Node id="19" bw="64" op_0_bw="21">
<![CDATA[
newFuncRoot:10 %zext_ln28_1_cast = zext i21 %zext_ln28_1_read

]]></Node>
<StgValue><ssdm name="zext_ln28_1_cast"/></StgValue>
</operation>

<operation id="30" st_id="1" stage="1" lat="1">
<core>NULL</core>
<MemPortIdVec></MemPortIdVec>
<condition id="-1">
<or_exp><and_exp></and_exp></or_exp>
</condition>

<Node id="20" bw="64" op_0_bw="11">
<![CDATA[
newFuncRoot:11 %sext_ln27_cast = sext i11 %sext_ln27_read

]]></Node>
<StgValue><ssdm name="sext_ln27_cast"/></StgValue>
</operation>

<operation id="31" st_id="1" stage="1" lat="1">
<core>NULL</core>
<MemPortIdVec></MemPortIdVec>
<condition id="-1">
<or_exp><and_exp></and_exp></or_exp>
</condition>

<Node id="21" bw="0" op_0_bw="0" op_1_bw="8" op_2_bw="0" op_3_bw="32" op_4_bw="32" op_5_bw="0" op_6_bw="32" op_7_bw="32" op_8_bw="0" op_9_bw="0" op_10_bw="0" op_11_bw="32" op_12_bw="32" op_13_bw="32" op_14_bw="32" op_15_bw="0" op_16_bw="0" op_17_bw="32" op_18_bw="32">
<![CDATA[
newFuncRoot:12 %specinterface_ln0 = specinterface void @_ssdm_op_SpecInterface, i8 %input_r, void @empty_11, i32 0, i32 0, void @empty_12, i32 0, i32 65536, void @empty, void @empty_0, void @empty_12, i32 16, i32 16, i32 16, i32 16, void @empty_12, void @empty_12, i32 4294967295, i32 0

]]></Node>
<StgValue><ssdm name="specinterface_ln0"/></StgValue>
</operation>

<operation id="32" st_id="1" stage="1" lat="1">
<core>NULL</core>
<MemPortIdVec></MemPortIdVec>
<condition id="-1">
<or_exp><and_exp></and_exp></or_exp>
</condition>

<Node id="22" bw="0" op_0_bw="128" op_1_bw="128">
<![CDATA[
newFuncRoot:13 %store_ln0 = store i128 0, i128 %indvar_flatten

]]></Node>
<StgValue><ssdm name="store_ln0"/></StgValue>
</operation>

<operation id="33" st_id="1" stage="1" lat="1">
<core>NULL</core>
<MemPortIdVec></MemPortIdVec>
<condition id="-1">
<or_exp><and_exp></and_exp></or_exp>
</condition>

<Node id="23" bw="0" op_0_bw="64" op_1_bw="64">
<![CDATA[
newFuncRoot:14 %store_ln0 = store i64 0, i64 %indvar17

]]></Node>
<StgValue><ssdm name="store_ln0"/></StgValue>
</operation>

<operation id="34" st_id="1" stage="1" lat="1">
<core>NULL</core>
<MemPortIdVec></MemPortIdVec>
<condition id="-1">
<or_exp><and_exp></and_exp></or_exp>
</condition>

<Node id="24" bw="0" op_0_bw="64" op_1_bw="64">
<![CDATA[
newFuncRoot:15 %store_ln0 = store i64 0, i64 %indvar19

]]></Node>
<StgValue><ssdm name="store_ln0"/></StgValue>
</operation>

<operation id="35" st_id="1" stage="1" lat="1">
<core>NULL</core>
<MemPortIdVec></MemPortIdVec>
<condition id="-1">
<or_exp><and_exp></and_exp></or_exp>
</condition>

<Node id="25" bw="0" op_0_bw="32" op_1_bw="32">
<![CDATA[
newFuncRoot:16 %store_ln31 = store i32 0, i32 %sumR

]]></Node>
<StgValue><ssdm name="store_ln31"/></StgValue>
</operation>

<operation id="36" st_id="1" stage="1" lat="1">
<core>NULL</core>
<MemPortIdVec></MemPortIdVec>
<condition id="-1">
<or_exp><and_exp></and_exp></or_exp>
</condition>

<Node id="26" bw="0" op_0_bw="32" op_1_bw="32">
<![CDATA[
newFuncRoot:17 %store_ln31 = store i32 0, i32 %sumG

]]></Node>
<StgValue><ssdm name="store_ln31"/></StgValue>
</operation>

<operation id="37" st_id="1" stage="1" lat="1">
<core>NULL</core>
<MemPortIdVec></MemPortIdVec>
<condition id="-1">
<or_exp><and_exp></and_exp></or_exp>
</condition>

<Node id="27" bw="0" op_0_bw="32" op_1_bw="32">
<![CDATA[
newFuncRoot:18 %store_ln31 = store i32 0, i32 %sumB

]]></Node>
<StgValue><ssdm name="store_ln31"/></StgValue>
</operation>

<operation id="38" st_id="1" stage="1" lat="1">
<core>NULL</core>
<MemPortIdVec></MemPortIdVec>
<condition id="-1">
<or_exp><and_exp></and_exp></or_exp>
</condition>

<Node id="28" bw="0" op_0_bw="0">
<![CDATA[
newFuncRoot:19 %br_ln0 = br void %for.cond17

]]></Node>
<StgValue><ssdm name="br_ln0"/></StgValue>
</operation>
</state>

<state id="2" st_id="2">

<operation id="39" st_id="2" stage="1" lat="1">
<core>NULL</core>
<MemPortIdVec></MemPortIdVec>
<condition id="-1">
<or_exp><and_exp></and_exp></or_exp>
</condition>

<Node id="30" bw="128" op_0_bw="128" op_1_bw="0">
<![CDATA[
for.cond17:0 %indvar_flatten_load = load i128 %indvar_flatten

]]></Node>
<StgValue><ssdm name="indvar_flatten_load"/></StgValue>
</operation>

<operation id="40" st_id="2" stage="1" lat="1">
<core>NULL</core>
<MemPortIdVec></MemPortIdVec>
<condition id="-1">
<or_exp><and_exp></and_exp></or_exp>
</condition>

<Node id="31" bw="0" op_0_bw="0" op_1_bw="8">
<![CDATA[
for.cond17:1 %specbitsmap_ln0 = specbitsmap void @_ssdm_op_SpecBitsMap, i8 %input_r

]]></Node>
<StgValue><ssdm name="specbitsmap_ln0"/></StgValue>
</operation>

<operation id="41" st_id="2" stage="1" lat="1">
<core>Cmp</core>
<MemPortIdVec></MemPortIdVec>
<condition id="-1">
<or_exp><and_exp></and_exp></or_exp>
</condition>

<Node id="32" bw="1" op_0_bw="128" op_1_bw="128">
<![CDATA[
for.cond17:2 %icmp_ln34 = icmp_eq  i128 %indvar_flatten_load, i128 %mul_ln31_read

]]></Node>
<StgValue><ssdm name="icmp_ln34"/></StgValue>
</operation>

<operation id="42" st_id="2" stage="1" lat="1">
<core>Adder</core>
<MemPortIdVec></MemPortIdVec>
<condition id="-1">
<or_exp><and_exp></and_exp></or_exp>
</condition>

<Node id="33" bw="128" op_0_bw="128" op_1_bw="128">
<![CDATA[
for.cond17:3 %add_ln34 = add i128 %indvar_flatten_load, i128 1

]]></Node>
<StgValue><ssdm name="add_ln34"/></StgValue>
</operation>

<operation id="43" st_id="2" stage="1" lat="1">
<core>NULL</core>
<MemPortIdVec></MemPortIdVec>
<condition id="-1">
<or_exp><and_exp></and_exp></or_exp>
</condition>

<Node id="34" bw="0" op_0_bw="1" op_1_bw="0" op_2_bw="0">
<![CDATA[
for.cond17:4 %br_ln34 = br i1 %icmp_ln34, void %for.inc42, void %VITIS_LOOP_52_5.exitStub

]]></Node>
<StgValue><ssdm name="br_ln34"/></StgValue>
</operation>

<operation id="44" st_id="2" stage="1" lat="1">
<core>NULL</core>
<MemPortIdVec></MemPortIdVec>
<condition id="-1">
<or_exp><and_exp><literal name="icmp_ln34" val="0"/>
</and_exp></or_exp>
</condition>

<Node id="39" bw="64" op_0_bw="64" op_1_bw="0">
<![CDATA[
for.inc42:3 %indvar19_load = load i64 %indvar19

]]></Node>
<StgValue><ssdm name="indvar19_load"/></StgValue>
</operation>

<operation id="45" st_id="2" stage="1" lat="1">
<core>NULL</core>
<MemPortIdVec></MemPortIdVec>
<condition id="-1">
<or_exp><and_exp><literal name="icmp_ln34" val="0"/>
</and_exp></or_exp>
</condition>

<Node id="40" bw="64" op_0_bw="64" op_1_bw="0">
<![CDATA[
for.inc42:4 %indvar17_load = load i64 %indvar17

]]></Node>
<StgValue><ssdm name="indvar17_load"/></StgValue>
</operation>

<operation id="46" st_id="2" stage="1" lat="1">
<core>Cmp</core>
<MemPortIdVec></MemPortIdVec>
<condition id="-1">
<or_exp><and_exp><literal name="icmp_ln34" val="0"/>
</and_exp></or_exp>
</condition>

<Node id="42" bw="1" op_0_bw="64" op_1_bw="64">
<![CDATA[
for.inc42:6 %icmp_ln35 = icmp_eq  i64 %indvar19_load, i64 %sext_ln27_cast

]]></Node>
<StgValue><ssdm name="icmp_ln35"/></StgValue>
</operation>

<operation id="47" st_id="2" stage="1" lat="1">
<core>Adder</core>
<MemPortIdVec></MemPortIdVec>
<condition id="-1">
<or_exp><and_exp><literal name="icmp_ln34" val="0"/>
</and_exp></or_exp>
</condition>

<Node id="44" bw="64" op_0_bw="64" op_1_bw="64">
<![CDATA[
for.inc42:8 %add_ln34_1 = add i64 %indvar17_load, i64 1

]]></Node>
<StgValue><ssdm name="add_ln34_1"/></StgValue>
</operation>
</state>

<state id="3" st_id="3">

<operation id="48" st_id="3" stage="1" lat="1">
<core>Sel</core>
<MemPortIdVec></MemPortIdVec>
<condition id="-1">
<or_exp><and_exp><literal name="icmp_ln34" val="0"/>
</and_exp></or_exp>
</condition>

<Node id="43" bw="64" op_0_bw="1" op_1_bw="64" op_2_bw="64">
<![CDATA[
for.inc42:7 %select_ln31 = select i1 %icmp_ln35, i64 0, i64 %indvar19_load

]]></Node>
<StgValue><ssdm name="select_ln31"/></StgValue>
</operation>

<operation id="49" st_id="3" stage="1" lat="1">
<core>Sel</core>
<MemPortIdVec></MemPortIdVec>
<condition id="-1">
<or_exp><and_exp><literal name="icmp_ln34" val="0"/>
</and_exp></or_exp>
</condition>

<Node id="45" bw="64" op_0_bw="1" op_1_bw="64" op_2_bw="64">
<![CDATA[
for.inc42:9 %select_ln34 = select i1 %icmp_ln35, i64 %add_ln34_1, i64 %indvar17_load

]]></Node>
<StgValue><ssdm name="select_ln34"/></StgValue>
</operation>

<operation id="50" st_id="3" stage="1" lat="1">
<core>NULL</core>
<MemPortIdVec></MemPortIdVec>
<condition id="-1">
<or_exp><and_exp><literal name="icmp_ln34" val="0"/>
</and_exp></or_exp>
</condition>

<Node id="46" bw="64" op_0_bw="64" op_1_bw="64">
<![CDATA[
for.inc42:10 %shl_ln34 = shl i64 %select_ln34, i64 11

]]></Node>
<StgValue><ssdm name="shl_ln34"/></StgValue>
</operation>

<operation id="51" st_id="3" stage="1" lat="1">
<core>NULL</core>
<MemPortIdVec></MemPortIdVec>
<condition id="-1">
<or_exp><and_exp><literal name="icmp_ln34" val="0"/>
</and_exp></or_exp>
</condition>

<Node id="47" bw="64" op_0_bw="64" op_1_bw="64">
<![CDATA[
for.inc42:11 %shl_ln34_1 = shl i64 %select_ln34, i64 7

]]></Node>
<StgValue><ssdm name="shl_ln34_1"/></StgValue>
</operation>

<operation id="52" st_id="3" stage="1" lat="1">
<core>Adder</core>
<MemPortIdVec></MemPortIdVec>
<condition id="-1">
<or_exp><and_exp><literal name="icmp_ln34" val="0"/>
</and_exp></or_exp>
</condition>

<Node id="48" bw="64" op_0_bw="64" op_1_bw="64">
<![CDATA[
for.inc42:12 %sub_ln34 = sub i64 %shl_ln34, i64 %shl_ln34_1

]]></Node>
<StgValue><ssdm name="sub_ln34"/></StgValue>
</operation>

<operation id="53" st_id="3" stage="1" lat="1">
<core>NULL</core>
<MemPortIdVec></MemPortIdVec>
<condition id="-1">
<or_exp><and_exp><literal name="icmp_ln34" val="0"/>
</and_exp></or_exp>
</condition>

<Node id="67" bw="0" op_0_bw="128" op_1_bw="128" op_2_bw="0" op_3_bw="0">
<![CDATA[
for.inc42:31 %store_ln34 = store i128 %add_ln34, i128 %indvar_flatten

]]></Node>
<StgValue><ssdm name="store_ln34"/></StgValue>
</operation>

<operation id="54" st_id="3" stage="1" lat="1">
<core>NULL</core>
<MemPortIdVec></MemPortIdVec>
<condition id="-1">
<or_exp><and_exp><literal name="icmp_ln34" val="0"/>
</and_exp></or_exp>
</condition>

<Node id="68" bw="0" op_0_bw="64" op_1_bw="64" op_2_bw="0" op_3_bw="0">
<![CDATA[
for.inc42:32 %store_ln34 = store i64 %select_ln34, i64 %indvar17

]]></Node>
<StgValue><ssdm name="store_ln34"/></StgValue>
</operation>
</state>

<state id="4" st_id="4">

<operation id="55" st_id="4" stage="1" lat="1">
<core>NULL</core>
<MemPortIdVec></MemPortIdVec>
<condition id="-1">
<or_exp><and_exp><literal name="icmp_ln34" val="0"/>
</and_exp></or_exp>
</condition>

<Node id="49" bw="64" op_0_bw="64" op_1_bw="64">
<![CDATA[
for.inc42:13 %shl_ln35 = shl i64 %select_ln31, i64 2

]]></Node>
<StgValue><ssdm name="shl_ln35"/></StgValue>
</operation>

<operation id="56" st_id="4" stage="1" lat="1">
<core>TAddSub</core>
<MemPortIdVec></MemPortIdVec>
<condition id="-1">
<or_exp><and_exp><literal name="icmp_ln34" val="0"/>
</and_exp></or_exp>
</condition>

<Node id="50" bw="64" op_0_bw="64" op_1_bw="64">
<![CDATA[
for.inc42:14 %sub_ln35 = sub i64 %shl_ln35, i64 %select_ln31

]]></Node>
<StgValue><ssdm name="sub_ln35"/></StgValue>
</operation>

<operation id="57" st_id="4" stage="1" lat="1">
<core>TAddSub</core>
<MemPortIdVec></MemPortIdVec>
<condition id="-1">
<or_exp><and_exp><literal name="icmp_ln34" val="0"/>
</and_exp></or_exp>
</condition>

<Node id="52" bw="64" op_0_bw="64" op_1_bw="64">
<![CDATA[
for.inc42:16 %add_ln35_3 = add i64 %sub_ln34, i64 %sub_ln35

]]></Node>
<StgValue><ssdm name="add_ln35_3"/></StgValue>
</operation>

<operation id="58" st_id="4" stage="1" lat="1">
<core>Adder</core>
<MemPortIdVec></MemPortIdVec>
<condition id="-1">
<or_exp><and_exp><literal name="icmp_ln34" val="0"/>
</and_exp></or_exp>
</condition>

<Node id="66" bw="64" op_0_bw="64" op_1_bw="64">
<![CDATA[
for.inc42:30 %add_ln35_2 = add i64 %select_ln31, i64 1

]]></Node>
<StgValue><ssdm name="add_ln35_2"/></StgValue>
</operation>

<operation id="59" st_id="4" stage="1" lat="1">
<core>NULL</core>
<MemPortIdVec></MemPortIdVec>
<condition id="-1">
<or_exp><and_exp><literal name="icmp_ln34" val="0"/>
</and_exp></or_exp>
</condition>

<Node id="69" bw="0" op_0_bw="64" op_1_bw="64" op_2_bw="0" op_3_bw="0">
<![CDATA[
for.inc42:33 %store_ln35 = store i64 %add_ln35_2, i64 %indvar19

]]></Node>
<StgValue><ssdm name="store_ln35"/></StgValue>
</operation>
</state>

<state id="5" st_id="5">

<operation id="60" st_id="5" stage="1" lat="1">
<core>TAddSub</core>
<MemPortIdVec></MemPortIdVec>
<condition id="-1">
<or_exp><and_exp></and_exp></or_exp>
</condition>

<Node id="51" bw="64" op_0_bw="64" op_1_bw="64">
<![CDATA[
for.inc42:15 %add_ln35 = add i64 %zext_ln28_1_cast, i64 %imageRGBA_read

]]></Node>
<StgValue><ssdm name="add_ln35"/></StgValue>
</operation>

<operation id="61" st_id="5" stage="1" lat="1">
<core>TAddSub</core>
<MemPortIdVec></MemPortIdVec>
<condition id="-1">
<or_exp><and_exp></and_exp></or_exp>
</condition>

<Node id="53" bw="64" op_0_bw="64" op_1_bw="64">
<![CDATA[
for.inc42:17 %add_ln35_1 = add i64 %add_ln35_3, i64 %add_ln35

]]></Node>
<StgValue><ssdm name="add_ln35_1"/></StgValue>
</operation>

<operation id="62" st_id="5" stage="1" lat="1">
<core>NULL</core>
<MemPortIdVec></MemPortIdVec>
<condition id="-1">
<or_exp><and_exp></and_exp></or_exp>
</condition>

<Node id="55" bw="8" op_0_bw="8" op_1_bw="64">
<![CDATA[
for.inc42:19 %input_r_addr = getelementptr i8 %input_r, i64 %add_ln35_1

]]></Node>
<StgValue><ssdm name="input_r_addr"/></StgValue>
</operation>
</state>

<state id="6" st_id="6">

<operation id="63" st_id="6" stage="8" lat="8">
<core>m_axi</core>
<MemPortIdVec></MemPortIdVec>
<condition id="-1">
<or_exp><and_exp></and_exp></or_exp>
</condition>

<Node id="56" bw="1" op_0_bw="1" op_1_bw="8" op_2_bw="32">
<![CDATA[
for.inc42:20 %empty = readreq i1 @_ssdm_op_ReadReq.m_axi.p1i8, i8 %input_r_addr, i32 3

]]></Node>
<StgValue><ssdm name="empty"/></StgValue>
</operation>
</state>

<state id="7" st_id="7">

<operation id="64" st_id="7" stage="7" lat="8">
<core>m_axi</core>
<MemPortIdVec></MemPortIdVec>
<condition id="-1">
<or_exp><and_exp></and_exp></or_exp>
</condition>

<Node id="56" bw="1" op_0_bw="1" op_1_bw="8" op_2_bw="32">
<![CDATA[
for.inc42:20 %empty = readreq i1 @_ssdm_op_ReadReq.m_axi.p1i8, i8 %input_r_addr, i32 3

]]></Node>
<StgValue><ssdm name="empty"/></StgValue>
</operation>
</state>

<state id="8" st_id="8">

<operation id="65" st_id="8" stage="6" lat="8">
<core>m_axi</core>
<MemPortIdVec></MemPortIdVec>
<condition id="-1">
<or_exp><and_exp></and_exp></or_exp>
</condition>

<Node id="56" bw="1" op_0_bw="1" op_1_bw="8" op_2_bw="32">
<![CDATA[
for.inc42:20 %empty = readreq i1 @_ssdm_op_ReadReq.m_axi.p1i8, i8 %input_r_addr, i32 3

]]></Node>
<StgValue><ssdm name="empty"/></StgValue>
</operation>
</state>

<state id="9" st_id="9">

<operation id="66" st_id="9" stage="5" lat="8">
<core>m_axi</core>
<MemPortIdVec></MemPortIdVec>
<condition id="-1">
<or_exp><and_exp></and_exp></or_exp>
</condition>

<Node id="56" bw="1" op_0_bw="1" op_1_bw="8" op_2_bw="32">
<![CDATA[
for.inc42:20 %empty = readreq i1 @_ssdm_op_ReadReq.m_axi.p1i8, i8 %input_r_addr, i32 3

]]></Node>
<StgValue><ssdm name="empty"/></StgValue>
</operation>
</state>

<state id="10" st_id="10">

<operation id="67" st_id="10" stage="4" lat="8">
<core>m_axi</core>
<MemPortIdVec></MemPortIdVec>
<condition id="-1">
<or_exp><and_exp></and_exp></or_exp>
</condition>

<Node id="56" bw="1" op_0_bw="1" op_1_bw="8" op_2_bw="32">
<![CDATA[
for.inc42:20 %empty = readreq i1 @_ssdm_op_ReadReq.m_axi.p1i8, i8 %input_r_addr, i32 3

]]></Node>
<StgValue><ssdm name="empty"/></StgValue>
</operation>
</state>

<state id="11" st_id="11">

<operation id="68" st_id="11" stage="3" lat="8">
<core>m_axi</core>
<MemPortIdVec></MemPortIdVec>
<condition id="-1">
<or_exp><and_exp></and_exp></or_exp>
</condition>

<Node id="56" bw="1" op_0_bw="1" op_1_bw="8" op_2_bw="32">
<![CDATA[
for.inc42:20 %empty = readreq i1 @_ssdm_op_ReadReq.m_axi.p1i8, i8 %input_r_addr, i32 3

]]></Node>
<StgValue><ssdm name="empty"/></StgValue>
</operation>
</state>

<state id="12" st_id="12">

<operation id="69" st_id="12" stage="2" lat="8">
<core>m_axi</core>
<MemPortIdVec></MemPortIdVec>
<condition id="-1">
<or_exp><and_exp></and_exp></or_exp>
</condition>

<Node id="56" bw="1" op_0_bw="1" op_1_bw="8" op_2_bw="32">
<![CDATA[
for.inc42:20 %empty = readreq i1 @_ssdm_op_ReadReq.m_axi.p1i8, i8 %input_r_addr, i32 3

]]></Node>
<StgValue><ssdm name="empty"/></StgValue>
</operation>
</state>

<state id="13" st_id="13">

<operation id="70" st_id="13" stage="1" lat="8">
<core>m_axi</core>
<MemPortIdVec></MemPortIdVec>
<condition id="-1">
<or_exp><and_exp></and_exp></or_exp>
</condition>

<Node id="56" bw="1" op_0_bw="1" op_1_bw="8" op_2_bw="32">
<![CDATA[
for.inc42:20 %empty = readreq i1 @_ssdm_op_ReadReq.m_axi.p1i8, i8 %input_r_addr, i32 3

]]></Node>
<StgValue><ssdm name="empty"/></StgValue>
</operation>
</state>

<state id="14" st_id="14">

<operation id="71" st_id="14" stage="1" lat="1">
<core>m_axi</core>
<MemPortIdVec></MemPortIdVec>
<condition id="-1">
<or_exp><and_exp></and_exp></or_exp>
</condition>

<Node id="57" bw="8" op_0_bw="8" op_1_bw="8" op_2_bw="0">
<![CDATA[
for.inc42:21 %input_r_addr_read = read i8 @_ssdm_op_Read.m_axi.p1i8, i8 %input_r_addr

]]></Node>
<StgValue><ssdm name="input_r_addr_read"/></StgValue>
</operation>

<operation id="89" st_id="14" stage="1" lat="1">
<core>NULL</core>
<MemPortIdVec></MemPortIdVec>
<condition id="-1">
<or_exp><and_exp><literal name="icmp_ln34" val="1"/>
</and_exp></or_exp>
</condition>

<Node id="75" bw="32" op_0_bw="32" op_1_bw="0">
<![CDATA[
VITIS_LOOP_52_5.exitStub:0 %sumB_load_1 = load i32 %sumB

]]></Node>
<StgValue><ssdm name="sumB_load_1"/></StgValue>
</operation>

<operation id="90" st_id="14" stage="1" lat="1">
<core>NULL</core>
<MemPortIdVec></MemPortIdVec>
<condition id="-1">
<or_exp><and_exp><literal name="icmp_ln34" val="1"/>
</and_exp></or_exp>
</condition>

<Node id="76" bw="32" op_0_bw="32" op_1_bw="0">
<![CDATA[
VITIS_LOOP_52_5.exitStub:1 %sumG_load_1 = load i32 %sumG

]]></Node>
<StgValue><ssdm name="sumG_load_1"/></StgValue>
</operation>

<operation id="91" st_id="14" stage="1" lat="1">
<core>NULL</core>
<MemPortIdVec></MemPortIdVec>
<condition id="-1">
<or_exp><and_exp><literal name="icmp_ln34" val="1"/>
</and_exp></or_exp>
</condition>

<Node id="77" bw="32" op_0_bw="32" op_1_bw="0">
<![CDATA[
VITIS_LOOP_52_5.exitStub:2 %sumR_load_1 = load i32 %sumR

]]></Node>
<StgValue><ssdm name="sumR_load_1"/></StgValue>
</operation>

<operation id="92" st_id="14" stage="1" lat="1">
<core>NULL</core>
<MemPortIdVec></MemPortIdVec>
<condition id="-1">
<or_exp><and_exp><literal name="icmp_ln34" val="1"/>
</and_exp></or_exp>
</condition>

<Node id="78" bw="0" op_0_bw="0" op_1_bw="32" op_2_bw="32">
<![CDATA[
VITIS_LOOP_52_5.exitStub:3 %write_ln0 = write void @_ssdm_op_Write.ap_auto.i32P0A, i32 %sumR_out, i32 %sumR_load_1

]]></Node>
<StgValue><ssdm name="write_ln0"/></StgValue>
</operation>

<operation id="93" st_id="14" stage="1" lat="1">
<core>NULL</core>
<MemPortIdVec></MemPortIdVec>
<condition id="-1">
<or_exp><and_exp><literal name="icmp_ln34" val="1"/>
</and_exp></or_exp>
</condition>

<Node id="79" bw="0" op_0_bw="0" op_1_bw="32" op_2_bw="32">
<![CDATA[
VITIS_LOOP_52_5.exitStub:4 %write_ln0 = write void @_ssdm_op_Write.ap_auto.i32P0A, i32 %sumG_out, i32 %sumG_load_1

]]></Node>
<StgValue><ssdm name="write_ln0"/></StgValue>
</operation>

<operation id="94" st_id="14" stage="1" lat="1">
<core>NULL</core>
<MemPortIdVec></MemPortIdVec>
<condition id="-1">
<or_exp><and_exp><literal name="icmp_ln34" val="1"/>
</and_exp></or_exp>
</condition>

<Node id="80" bw="0" op_0_bw="0" op_1_bw="32" op_2_bw="32">
<![CDATA[
VITIS_LOOP_52_5.exitStub:5 %write_ln0 = write void @_ssdm_op_Write.ap_auto.i32P0A, i32 %sumB_out, i32 %sumB_load_1

]]></Node>
<StgValue><ssdm name="write_ln0"/></StgValue>
</operation>

<operation id="95" st_id="14" stage="1" lat="1">
<core>NULL</core>
<MemPortIdVec></MemPortIdVec>
<condition id="-1">
<or_exp><and_exp><literal name="icmp_ln34" val="1"/>
</and_exp></or_exp>
</condition>

<Node id="81" bw="0">
<![CDATA[
VITIS_LOOP_52_5.exitStub:6 %ret_ln0 = ret

]]></Node>
<StgValue><ssdm name="ret_ln0"/></StgValue>
</operation>
</state>

<state id="15" st_id="15">

<operation id="72" st_id="15" stage="1" lat="1">
<core>NULL</core>
<MemPortIdVec></MemPortIdVec>
<condition id="-1">
<or_exp><and_exp></and_exp></or_exp>
</condition>

<Node id="38" bw="32" op_0_bw="32" op_1_bw="0">
<![CDATA[
for.inc42:2 %sumR_load = load i32 %sumR

]]></Node>
<StgValue><ssdm name="sumR_load"/></StgValue>
</operation>

<operation id="73" st_id="15" stage="1" lat="1">
<core>m_axi</core>
<MemPortIdVec></MemPortIdVec>
<condition id="-1">
<or_exp><and_exp></and_exp></or_exp>
</condition>

<Node id="58" bw="8" op_0_bw="8" op_1_bw="8" op_2_bw="0">
<![CDATA[
for.inc42:22 %input_r_addr_read_1 = read i8 @_ssdm_op_Read.m_axi.p1i8, i8 %input_r_addr

]]></Node>
<StgValue><ssdm name="input_r_addr_read_1"/></StgValue>
</operation>

<operation id="74" st_id="15" stage="1" lat="1">
<core>NULL</core>
<MemPortIdVec></MemPortIdVec>
<condition id="-1">
<or_exp><and_exp></and_exp></or_exp>
</condition>

<Node id="60" bw="32" op_0_bw="8">
<![CDATA[
for.inc42:24 %zext_ln37 = zext i8 %input_r_addr_read

]]></Node>
<StgValue><ssdm name="zext_ln37"/></StgValue>
</operation>

<operation id="75" st_id="15" stage="1" lat="1">
<core>Adder</core>
<MemPortIdVec></MemPortIdVec>
<condition id="-1">
<or_exp><and_exp></and_exp></or_exp>
</condition>

<Node id="61" bw="32" op_0_bw="32" op_1_bw="32">
<![CDATA[
for.inc42:25 %sumR_1 = add i32 %zext_ln37, i32 %sumR_load

]]></Node>
<StgValue><ssdm name="sumR_1"/></StgValue>
</operation>

<operation id="76" st_id="15" stage="1" lat="1">
<core>NULL</core>
<MemPortIdVec></MemPortIdVec>
<condition id="-1">
<or_exp><and_exp></and_exp></or_exp>
</condition>

<Node id="70" bw="0" op_0_bw="32" op_1_bw="32" op_2_bw="0" op_3_bw="0">
<![CDATA[
for.inc42:34 %store_ln31 = store i32 %sumR_1, i32 %sumR

]]></Node>
<StgValue><ssdm name="store_ln31"/></StgValue>
</operation>
</state>

<state id="16" st_id="16">

<operation id="77" st_id="16" stage="1" lat="1">
<core>NULL</core>
<MemPortIdVec></MemPortIdVec>
<condition id="-1">
<or_exp><and_exp></and_exp></or_exp>
</condition>

<Node id="37" bw="32" op_0_bw="32" op_1_bw="0">
<![CDATA[
for.inc42:1 %sumG_load = load i32 %sumG

]]></Node>
<StgValue><ssdm name="sumG_load"/></StgValue>
</operation>

<operation id="78" st_id="16" stage="1" lat="1">
<core>m_axi</core>
<MemPortIdVec></MemPortIdVec>
<condition id="-1">
<or_exp><and_exp></and_exp></or_exp>
</condition>

<Node id="59" bw="8" op_0_bw="8" op_1_bw="8" op_2_bw="0">
<![CDATA[
for.inc42:23 %input_r_addr_read_2 = read i8 @_ssdm_op_Read.m_axi.p1i8, i8 %input_r_addr

]]></Node>
<StgValue><ssdm name="input_r_addr_read_2"/></StgValue>
</operation>

<operation id="79" st_id="16" stage="1" lat="1">
<core>NULL</core>
<MemPortIdVec></MemPortIdVec>
<condition id="-1">
<or_exp><and_exp></and_exp></or_exp>
</condition>

<Node id="62" bw="32" op_0_bw="8">
<![CDATA[
for.inc42:26 %zext_ln38 = zext i8 %input_r_addr_read_1

]]></Node>
<StgValue><ssdm name="zext_ln38"/></StgValue>
</operation>

<operation id="80" st_id="16" stage="1" lat="1">
<core>Adder</core>
<MemPortIdVec></MemPortIdVec>
<condition id="-1">
<or_exp><and_exp></and_exp></or_exp>
</condition>

<Node id="63" bw="32" op_0_bw="32" op_1_bw="32">
<![CDATA[
for.inc42:27 %sumG_1 = add i32 %zext_ln38, i32 %sumG_load

]]></Node>
<StgValue><ssdm name="sumG_1"/></StgValue>
</operation>

<operation id="81" st_id="16" stage="1" lat="1">
<core>NULL</core>
<MemPortIdVec></MemPortIdVec>
<condition id="-1">
<or_exp><and_exp></and_exp></or_exp>
</condition>

<Node id="71" bw="0" op_0_bw="32" op_1_bw="32" op_2_bw="0" op_3_bw="0">
<![CDATA[
for.inc42:35 %store_ln31 = store i32 %sumG_1, i32 %sumG

]]></Node>
<StgValue><ssdm name="store_ln31"/></StgValue>
</operation>
</state>

<state id="17" st_id="17">

<operation id="82" st_id="17" stage="1" lat="1">
<core>NULL</core>
<MemPortIdVec></MemPortIdVec>
<condition id="-1">
<or_exp><and_exp></and_exp></or_exp>
</condition>

<Node id="36" bw="32" op_0_bw="32" op_1_bw="0">
<![CDATA[
for.inc42:0 %sumB_load = load i32 %sumB

]]></Node>
<StgValue><ssdm name="sumB_load"/></StgValue>
</operation>

<operation id="83" st_id="17" stage="1" lat="1">
<core>NULL</core>
<MemPortIdVec></MemPortIdVec>
<condition id="-1">
<or_exp><and_exp></and_exp></or_exp>
</condition>

<Node id="41" bw="0" op_0_bw="0" op_1_bw="0">
<![CDATA[
for.inc42:5 %specloopname_ln0 = specloopname void @_ssdm_op_SpecLoopName, void @VITIS_LOOP_34_3_VITIS_LOOP_35_4_str

]]></Node>
<StgValue><ssdm name="specloopname_ln0"/></StgValue>
</operation>

<operation id="84" st_id="17" stage="1" lat="1">
<core>NULL</core>
<MemPortIdVec></MemPortIdVec>
<condition id="-1">
<or_exp><and_exp></and_exp></or_exp>
</condition>

<Node id="54" bw="0" op_0_bw="0" op_1_bw="32" op_2_bw="32" op_3_bw="32" op_4_bw="32" op_5_bw="0">
<![CDATA[
for.inc42:18 %specpipeline_ln37 = specpipeline void @_ssdm_op_SpecPipeline, i32 4294967295, i32 0, i32 0, i32 0, void @empty_12

]]></Node>
<StgValue><ssdm name="specpipeline_ln37"/></StgValue>
</operation>

<operation id="85" st_id="17" stage="1" lat="1">
<core>NULL</core>
<MemPortIdVec></MemPortIdVec>
<condition id="-1">
<or_exp><and_exp></and_exp></or_exp>
</condition>

<Node id="64" bw="32" op_0_bw="8">
<![CDATA[
for.inc42:28 %zext_ln39 = zext i8 %input_r_addr_read_2

]]></Node>
<StgValue><ssdm name="zext_ln39"/></StgValue>
</operation>

<operation id="86" st_id="17" stage="1" lat="1">
<core>Adder</core>
<MemPortIdVec></MemPortIdVec>
<condition id="-1">
<or_exp><and_exp></and_exp></or_exp>
</condition>

<Node id="65" bw="32" op_0_bw="32" op_1_bw="32">
<![CDATA[
for.inc42:29 %sumB_1 = add i32 %zext_ln39, i32 %sumB_load

]]></Node>
<StgValue><ssdm name="sumB_1"/></StgValue>
</operation>

<operation id="87" st_id="17" stage="1" lat="1">
<core>NULL</core>
<MemPortIdVec></MemPortIdVec>
<condition id="-1">
<or_exp><and_exp></and_exp></or_exp>
</condition>

<Node id="72" bw="0" op_0_bw="32" op_1_bw="32" op_2_bw="0" op_3_bw="0">
<![CDATA[
for.inc42:36 %store_ln31 = store i32 %sumB_1, i32 %sumB

]]></Node>
<StgValue><ssdm name="store_ln31"/></StgValue>
</operation>

<operation id="88" st_id="17" stage="1" lat="1">
<core>NULL</core>
<MemPortIdVec></MemPortIdVec>
<condition id="-1">
<or_exp><and_exp></and_exp></or_exp>
</condition>

<Node id="73" bw="0" op_0_bw="0">
<![CDATA[
for.inc42:37 %br_ln35 = br void %for.cond17

]]></Node>
<StgValue><ssdm name="br_ln35"/></StgValue>
</operation>
</state>
</state_list>


<ports>
</ports>


<dataflows>
</dataflows>


</stg>
